-- Clean seed for smart_attendance
SET FOREIGN_KEY_CHECKS=0;

DELETE FROM attendance_scan_logs;
DELETE FROM attendance_records;
DELETE FROM attendance_sessions;
DELETE FROM course_enrollments;
DELETE FROM courses;
DELETE FROM students;
DELETE FROM teachers;
DELETE FROM devices;
DELETE FROM classrooms;
DELETE FROM audit_logs;
DELETE FROM users;

ALTER TABLE attendance_scan_logs AUTO_INCREMENT = 1;
ALTER TABLE attendance_records AUTO_INCREMENT = 1;
ALTER TABLE attendance_sessions AUTO_INCREMENT = 1;
ALTER TABLE course_enrollments AUTO_INCREMENT = 1;
ALTER TABLE courses AUTO_INCREMENT = 1;
ALTER TABLE students AUTO_INCREMENT = 1;
ALTER TABLE teachers AUTO_INCREMENT = 1;
ALTER TABLE devices AUTO_INCREMENT = 1;
ALTER TABLE classrooms AUTO_INCREMENT = 1;
ALTER TABLE audit_logs AUTO_INCREMENT = 1;
ALTER TABLE users AUTO_INCREMENT = 1;

SET FOREIGN_KEY_CHECKS=1;

-- All sample accounts use password: 123456
INSERT INTO users (id, username, password_hash, role, full_name, email)
VALUES
(1, 'admin', '$2y$10$06HbKRYvM9goFbwkDtVdB.DfxGtzLL9vZHBITGx2G0Xik20pNZyAG', 'admin', 'Admin Kullanici', 'admin@uni.edu.tr'),
(2, 'teacher01', '$2y$10$06HbKRYvM9goFbwkDtVdB.DfxGtzLL9vZHBITGx2G0Xik20pNZyAG', 'teacher', 'Ahmet Yilmaz', 'teacher01@uni.edu.tr'),
(3, 'teacher02', '$2y$10$06HbKRYvM9goFbwkDtVdB.DfxGtzLL9vZHBITGx2G0Xik20pNZyAG', 'teacher', 'Ayse Kaya', 'teacher02@uni.edu.tr'),
(4, 'teacher03', '$2y$10$06HbKRYvM9goFbwkDtVdB.DfxGtzLL9vZHBITGx2G0Xik20pNZyAG', 'teacher', 'Mehmet Demir', 'teacher03@uni.edu.tr'),
(5, 'teacher04', '$2y$10$06HbKRYvM9goFbwkDtVdB.DfxGtzLL9vZHBITGx2G0Xik20pNZyAG', 'teacher', 'Zeynep Sahin', 'teacher04@uni.edu.tr'),
(6, 'teacher05', '$2y$10$06HbKRYvM9goFbwkDtVdB.DfxGtzLL9vZHBITGx2G0Xik20pNZyAG', 'teacher', 'Murat Arslan', 'teacher05@uni.edu.tr'),
(7, 'teacher06', '$2y$10$06HbKRYvM9goFbwkDtVdB.DfxGtzLL9vZHBITGx2G0Xik20pNZyAG', 'teacher', 'Elif Aydin', 'teacher06@uni.edu.tr'),
(8, 'teacher07', '$2y$10$06HbKRYvM9goFbwkDtVdB.DfxGtzLL9vZHBITGx2G0Xik20pNZyAG', 'teacher', 'Emre Korkmaz', 'teacher07@uni.edu.tr'),
(9, 'teacher08', '$2y$10$06HbKRYvM9goFbwkDtVdB.DfxGtzLL9vZHBITGx2G0Xik20pNZyAG', 'teacher', 'Selin Cakir', 'teacher08@uni.edu.tr'),
(10, 'teacher09', '$2y$10$06HbKRYvM9goFbwkDtVdB.DfxGtzLL9vZHBITGx2G0Xik20pNZyAG', 'teacher', 'Kerem Yalcin', 'teacher09@uni.edu.tr'),
(11, 'teacher10', '$2y$10$06HbKRYvM9goFbwkDtVdB.DfxGtzLL9vZHBITGx2G0Xik20pNZyAG', 'teacher', 'Derya Aslan', 'teacher10@uni.edu.tr'),
(1001, '2024011001', '$2y$10$06HbKRYvM9goFbwkDtVdB.DfxGtzLL9vZHBITGx2G0Xik20pNZyAG', 'student', 'Ali Yilmaz', 'bm101@students.uni.edu.tr'),
(1002, '2024011002', '$2y$10$06HbKRYvM9goFbwkDtVdB.DfxGtzLL9vZHBITGx2G0Xik20pNZyAG', 'student', 'Veli Yilmaz', 'bm102@students.uni.edu.tr'),
(1003, '2024011003', '$2y$10$06HbKRYvM9goFbwkDtVdB.DfxGtzLL9vZHBITGx2G0Xik20pNZyAG', 'student', 'Ahmet Yilmaz', 'bm103@students.uni.edu.tr'),
(1004, '2024011004', '$2y$10$06HbKRYvM9goFbwkDtVdB.DfxGtzLL9vZHBITGx2G0Xik20pNZyAG', 'student', 'Mehmet Yilmaz', 'bm104@students.uni.edu.tr'),
(1005, '2024011005', '$2y$10$06HbKRYvM9goFbwkDtVdB.DfxGtzLL9vZHBITGx2G0Xik20pNZyAG', 'student', 'Ayse Yilmaz', 'bm105@students.uni.edu.tr'),
(1006, '2024011006', '$2y$10$06HbKRYvM9goFbwkDtVdB.DfxGtzLL9vZHBITGx2G0Xik20pNZyAG', 'student', 'Fatma Yilmaz', 'bm106@students.uni.edu.tr'),
(1007, '2024011007', '$2y$10$06HbKRYvM9goFbwkDtVdB.DfxGtzLL9vZHBITGx2G0Xik20pNZyAG', 'student', 'Zeynep Yilmaz', 'bm107@students.uni.edu.tr'),
(1008, '2024011008', '$2y$10$06HbKRYvM9goFbwkDtVdB.DfxGtzLL9vZHBITGx2G0Xik20pNZyAG', 'student', 'Elif Yilmaz', 'bm108@students.uni.edu.tr'),
(1009, '2024011009', '$2y$10$06HbKRYvM9goFbwkDtVdB.DfxGtzLL9vZHBITGx2G0Xik20pNZyAG', 'student', 'Mert Yilmaz', 'bm109@students.uni.edu.tr'),
(1010, '2024011010', '$2y$10$06HbKRYvM9goFbwkDtVdB.DfxGtzLL9vZHBITGx2G0Xik20pNZyAG', 'student', 'Selin Yilmaz', 'bm110@students.uni.edu.tr'),
(1011, '2024011011', '$2y$10$06HbKRYvM9goFbwkDtVdB.DfxGtzLL9vZHBITGx2G0Xik20pNZyAG', 'student', 'Kerem Yilmaz', 'bm111@students.uni.edu.tr'),
(1012, '2024011012', '$2y$10$06HbKRYvM9goFbwkDtVdB.DfxGtzLL9vZHBITGx2G0Xik20pNZyAG', 'student', 'Ece Yilmaz', 'bm112@students.uni.edu.tr'),
(1013, '2024011013', '$2y$10$06HbKRYvM9goFbwkDtVdB.DfxGtzLL9vZHBITGx2G0Xik20pNZyAG', 'student', 'Cem Yilmaz', 'bm113@students.uni.edu.tr'),
(1014, '2024011014', '$2y$10$06HbKRYvM9goFbwkDtVdB.DfxGtzLL9vZHBITGx2G0Xik20pNZyAG', 'student', 'Deniz Yilmaz', 'bm114@students.uni.edu.tr'),
(1015, '2024011015', '$2y$10$06HbKRYvM9goFbwkDtVdB.DfxGtzLL9vZHBITGx2G0Xik20pNZyAG', 'student', 'Omer Yilmaz', 'bm115@students.uni.edu.tr'),
(1016, '2024011016', '$2y$10$06HbKRYvM9goFbwkDtVdB.DfxGtzLL9vZHBITGx2G0Xik20pNZyAG', 'student', 'Seda Yilmaz', 'bm116@students.uni.edu.tr'),
(1017, '2024011017', '$2y$10$06HbKRYvM9goFbwkDtVdB.DfxGtzLL9vZHBITGx2G0Xik20pNZyAG', 'student', 'Can Yilmaz', 'bm117@students.uni.edu.tr'),
(1018, '2024011018', '$2y$10$06HbKRYvM9goFbwkDtVdB.DfxGtzLL9vZHBITGx2G0Xik20pNZyAG', 'student', 'Buse Yilmaz', 'bm118@students.uni.edu.tr'),
(1019, '2024011019', '$2y$10$06HbKRYvM9goFbwkDtVdB.DfxGtzLL9vZHBITGx2G0Xik20pNZyAG', 'student', 'Emre Yilmaz', 'bm119@students.uni.edu.tr'),
(1020, '2024011020', '$2y$10$06HbKRYvM9goFbwkDtVdB.DfxGtzLL9vZHBITGx2G0Xik20pNZyAG', 'student', 'Gamze Yilmaz', 'bm120@students.uni.edu.tr'),
(1021, '2024012001', '$2y$10$06HbKRYvM9goFbwkDtVdB.DfxGtzLL9vZHBITGx2G0Xik20pNZyAG', 'student', 'Ali Kaya', 'bm201@students.uni.edu.tr'),
(1022, '2024012002', '$2y$10$06HbKRYvM9goFbwkDtVdB.DfxGtzLL9vZHBITGx2G0Xik20pNZyAG', 'student', 'Veli Kaya', 'bm202@students.uni.edu.tr'),
(1023, '2024012003', '$2y$10$06HbKRYvM9goFbwkDtVdB.DfxGtzLL9vZHBITGx2G0Xik20pNZyAG', 'student', 'Ahmet Kaya', 'bm203@students.uni.edu.tr'),
(1024, '2024012004', '$2y$10$06HbKRYvM9goFbwkDtVdB.DfxGtzLL9vZHBITGx2G0Xik20pNZyAG', 'student', 'Mehmet Kaya', 'bm204@students.uni.edu.tr'),
(1025, '2024012005', '$2y$10$06HbKRYvM9goFbwkDtVdB.DfxGtzLL9vZHBITGx2G0Xik20pNZyAG', 'student', 'Ayse Kaya', 'bm205@students.uni.edu.tr'),
(1026, '2024012006', '$2y$10$06HbKRYvM9goFbwkDtVdB.DfxGtzLL9vZHBITGx2G0Xik20pNZyAG', 'student', 'Fatma Kaya', 'bm206@students.uni.edu.tr'),
(1027, '2024012007', '$2y$10$06HbKRYvM9goFbwkDtVdB.DfxGtzLL9vZHBITGx2G0Xik20pNZyAG', 'student', 'Zeynep Kaya', 'bm207@students.uni.edu.tr'),
(1028, '2024012008', '$2y$10$06HbKRYvM9goFbwkDtVdB.DfxGtzLL9vZHBITGx2G0Xik20pNZyAG', 'student', 'Elif Kaya', 'bm208@students.uni.edu.tr'),
(1029, '2024012009', '$2y$10$06HbKRYvM9goFbwkDtVdB.DfxGtzLL9vZHBITGx2G0Xik20pNZyAG', 'student', 'Mert Kaya', 'bm209@students.uni.edu.tr'),
(1030, '2024012010', '$2y$10$06HbKRYvM9goFbwkDtVdB.DfxGtzLL9vZHBITGx2G0Xik20pNZyAG', 'student', 'Selin Kaya', 'bm210@students.uni.edu.tr'),
(1031, '2024012011', '$2y$10$06HbKRYvM9goFbwkDtVdB.DfxGtzLL9vZHBITGx2G0Xik20pNZyAG', 'student', 'Kerem Kaya', 'bm211@students.uni.edu.tr'),
(1032, '2024012012', '$2y$10$06HbKRYvM9goFbwkDtVdB.DfxGtzLL9vZHBITGx2G0Xik20pNZyAG', 'student', 'Ece Kaya', 'bm212@students.uni.edu.tr'),
(1033, '2024012013', '$2y$10$06HbKRYvM9goFbwkDtVdB.DfxGtzLL9vZHBITGx2G0Xik20pNZyAG', 'student', 'Cem Kaya', 'bm213@students.uni.edu.tr'),
(1034, '2024012014', '$2y$10$06HbKRYvM9goFbwkDtVdB.DfxGtzLL9vZHBITGx2G0Xik20pNZyAG', 'student', 'Deniz Kaya', 'bm214@students.uni.edu.tr'),
(1035, '2024012015', '$2y$10$06HbKRYvM9goFbwkDtVdB.DfxGtzLL9vZHBITGx2G0Xik20pNZyAG', 'student', 'Omer Kaya', 'bm215@students.uni.edu.tr'),
(1036, '2024012016', '$2y$10$06HbKRYvM9goFbwkDtVdB.DfxGtzLL9vZHBITGx2G0Xik20pNZyAG', 'student', 'Seda Kaya', 'bm216@students.uni.edu.tr'),
(1037, '2024012017', '$2y$10$06HbKRYvM9goFbwkDtVdB.DfxGtzLL9vZHBITGx2G0Xik20pNZyAG', 'student', 'Can Kaya', 'bm217@students.uni.edu.tr'),
(1038, '2024012018', '$2y$10$06HbKRYvM9goFbwkDtVdB.DfxGtzLL9vZHBITGx2G0Xik20pNZyAG', 'student', 'Buse Kaya', 'bm218@students.uni.edu.tr'),
(1039, '2024012019', '$2y$10$06HbKRYvM9goFbwkDtVdB.DfxGtzLL9vZHBITGx2G0Xik20pNZyAG', 'student', 'Emre Kaya', 'bm219@students.uni.edu.tr'),
(1040, '2024012020', '$2y$10$06HbKRYvM9goFbwkDtVdB.DfxGtzLL9vZHBITGx2G0Xik20pNZyAG', 'student', 'Gamze Kaya', 'bm220@students.uni.edu.tr'),
(1041, '2024013001', '$2y$10$06HbKRYvM9goFbwkDtVdB.DfxGtzLL9vZHBITGx2G0Xik20pNZyAG', 'student', 'Ali Demir', 'bm301@students.uni.edu.tr'),
(1042, '2024013002', '$2y$10$06HbKRYvM9goFbwkDtVdB.DfxGtzLL9vZHBITGx2G0Xik20pNZyAG', 'student', 'Veli Demir', 'bm302@students.uni.edu.tr'),
(1043, '2024013003', '$2y$10$06HbKRYvM9goFbwkDtVdB.DfxGtzLL9vZHBITGx2G0Xik20pNZyAG', 'student', 'Ahmet Demir', 'bm303@students.uni.edu.tr'),
(1044, '2024013004', '$2y$10$06HbKRYvM9goFbwkDtVdB.DfxGtzLL9vZHBITGx2G0Xik20pNZyAG', 'student', 'Mehmet Demir', 'bm304@students.uni.edu.tr'),
(1045, '2024013005', '$2y$10$06HbKRYvM9goFbwkDtVdB.DfxGtzLL9vZHBITGx2G0Xik20pNZyAG', 'student', 'Ayse Demir', 'bm305@students.uni.edu.tr'),
(1046, '2024013006', '$2y$10$06HbKRYvM9goFbwkDtVdB.DfxGtzLL9vZHBITGx2G0Xik20pNZyAG', 'student', 'Fatma Demir', 'bm306@students.uni.edu.tr'),
(1047, '2024013007', '$2y$10$06HbKRYvM9goFbwkDtVdB.DfxGtzLL9vZHBITGx2G0Xik20pNZyAG', 'student', 'Zeynep Demir', 'bm307@students.uni.edu.tr'),
(1048, '2024013008', '$2y$10$06HbKRYvM9goFbwkDtVdB.DfxGtzLL9vZHBITGx2G0Xik20pNZyAG', 'student', 'Elif Demir', 'bm308@students.uni.edu.tr'),
(1049, '2024013009', '$2y$10$06HbKRYvM9goFbwkDtVdB.DfxGtzLL9vZHBITGx2G0Xik20pNZyAG', 'student', 'Mert Demir', 'bm309@students.uni.edu.tr'),
(1050, '2024013010', '$2y$10$06HbKRYvM9goFbwkDtVdB.DfxGtzLL9vZHBITGx2G0Xik20pNZyAG', 'student', 'Selin Demir', 'bm310@students.uni.edu.tr'),
(1051, '2024013011', '$2y$10$06HbKRYvM9goFbwkDtVdB.DfxGtzLL9vZHBITGx2G0Xik20pNZyAG', 'student', 'Kerem Demir', 'bm311@students.uni.edu.tr'),
(1052, '2024013012', '$2y$10$06HbKRYvM9goFbwkDtVdB.DfxGtzLL9vZHBITGx2G0Xik20pNZyAG', 'student', 'Ece Demir', 'bm312@students.uni.edu.tr'),
(1053, '2024013013', '$2y$10$06HbKRYvM9goFbwkDtVdB.DfxGtzLL9vZHBITGx2G0Xik20pNZyAG', 'student', 'Cem Demir', 'bm313@students.uni.edu.tr'),
(1054, '2024013014', '$2y$10$06HbKRYvM9goFbwkDtVdB.DfxGtzLL9vZHBITGx2G0Xik20pNZyAG', 'student', 'Deniz Demir', 'bm314@students.uni.edu.tr'),
(1055, '2024013015', '$2y$10$06HbKRYvM9goFbwkDtVdB.DfxGtzLL9vZHBITGx2G0Xik20pNZyAG', 'student', 'Omer Demir', 'bm315@students.uni.edu.tr'),
(1056, '2024013016', '$2y$10$06HbKRYvM9goFbwkDtVdB.DfxGtzLL9vZHBITGx2G0Xik20pNZyAG', 'student', 'Seda Demir', 'bm316@students.uni.edu.tr'),
(1057, '2024013017', '$2y$10$06HbKRYvM9goFbwkDtVdB.DfxGtzLL9vZHBITGx2G0Xik20pNZyAG', 'student', 'Can Demir', 'bm317@students.uni.edu.tr'),
(1058, '2024013018', '$2y$10$06HbKRYvM9goFbwkDtVdB.DfxGtzLL9vZHBITGx2G0Xik20pNZyAG', 'student', 'Buse Demir', 'bm318@students.uni.edu.tr'),
(1059, '2024013019', '$2y$10$06HbKRYvM9goFbwkDtVdB.DfxGtzLL9vZHBITGx2G0Xik20pNZyAG', 'student', 'Emre Demir', 'bm319@students.uni.edu.tr'),
(1060, '2024013020', '$2y$10$06HbKRYvM9goFbwkDtVdB.DfxGtzLL9vZHBITGx2G0Xik20pNZyAG', 'student', 'Gamze Demir', 'bm320@students.uni.edu.tr'),
(1061, '2024014001', '$2y$10$06HbKRYvM9goFbwkDtVdB.DfxGtzLL9vZHBITGx2G0Xik20pNZyAG', 'student', 'Ali Sahin', 'bm401@students.uni.edu.tr'),
(1062, '2024014002', '$2y$10$06HbKRYvM9goFbwkDtVdB.DfxGtzLL9vZHBITGx2G0Xik20pNZyAG', 'student', 'Veli Sahin', 'bm402@students.uni.edu.tr'),
(1063, '2024014003', '$2y$10$06HbKRYvM9goFbwkDtVdB.DfxGtzLL9vZHBITGx2G0Xik20pNZyAG', 'student', 'Ahmet Sahin', 'bm403@students.uni.edu.tr'),
(1064, '2024014004', '$2y$10$06HbKRYvM9goFbwkDtVdB.DfxGtzLL9vZHBITGx2G0Xik20pNZyAG', 'student', 'Mehmet Sahin', 'bm404@students.uni.edu.tr'),
(1065, '2024014005', '$2y$10$06HbKRYvM9goFbwkDtVdB.DfxGtzLL9vZHBITGx2G0Xik20pNZyAG', 'student', 'Ayse Sahin', 'bm405@students.uni.edu.tr'),
(1066, '2024014006', '$2y$10$06HbKRYvM9goFbwkDtVdB.DfxGtzLL9vZHBITGx2G0Xik20pNZyAG', 'student', 'Fatma Sahin', 'bm406@students.uni.edu.tr'),
(1067, '2024014007', '$2y$10$06HbKRYvM9goFbwkDtVdB.DfxGtzLL9vZHBITGx2G0Xik20pNZyAG', 'student', 'Zeynep Sahin', 'bm407@students.uni.edu.tr'),
(1068, '2024014008', '$2y$10$06HbKRYvM9goFbwkDtVdB.DfxGtzLL9vZHBITGx2G0Xik20pNZyAG', 'student', 'Elif Sahin', 'bm408@students.uni.edu.tr'),
(1069, '2024014009', '$2y$10$06HbKRYvM9goFbwkDtVdB.DfxGtzLL9vZHBITGx2G0Xik20pNZyAG', 'student', 'Mert Sahin', 'bm409@students.uni.edu.tr'),
(1070, '2024014010', '$2y$10$06HbKRYvM9goFbwkDtVdB.DfxGtzLL9vZHBITGx2G0Xik20pNZyAG', 'student', 'Selin Sahin', 'bm410@students.uni.edu.tr'),
(1071, '2024014011', '$2y$10$06HbKRYvM9goFbwkDtVdB.DfxGtzLL9vZHBITGx2G0Xik20pNZyAG', 'student', 'Kerem Sahin', 'bm411@students.uni.edu.tr'),
(1072, '2024014012', '$2y$10$06HbKRYvM9goFbwkDtVdB.DfxGtzLL9vZHBITGx2G0Xik20pNZyAG', 'student', 'Ece Sahin', 'bm412@students.uni.edu.tr'),
(1073, '2024014013', '$2y$10$06HbKRYvM9goFbwkDtVdB.DfxGtzLL9vZHBITGx2G0Xik20pNZyAG', 'student', 'Cem Sahin', 'bm413@students.uni.edu.tr'),
(1074, '2024014014', '$2y$10$06HbKRYvM9goFbwkDtVdB.DfxGtzLL9vZHBITGx2G0Xik20pNZyAG', 'student', 'Deniz Sahin', 'bm414@students.uni.edu.tr'),
(1075, '2024014015', '$2y$10$06HbKRYvM9goFbwkDtVdB.DfxGtzLL9vZHBITGx2G0Xik20pNZyAG', 'student', 'Omer Sahin', 'bm415@students.uni.edu.tr'),
(1076, '2024014016', '$2y$10$06HbKRYvM9goFbwkDtVdB.DfxGtzLL9vZHBITGx2G0Xik20pNZyAG', 'student', 'Seda Sahin', 'bm416@students.uni.edu.tr'),
(1077, '2024014017', '$2y$10$06HbKRYvM9goFbwkDtVdB.DfxGtzLL9vZHBITGx2G0Xik20pNZyAG', 'student', 'Can Sahin', 'bm417@students.uni.edu.tr'),
(1078, '2024014018', '$2y$10$06HbKRYvM9goFbwkDtVdB.DfxGtzLL9vZHBITGx2G0Xik20pNZyAG', 'student', 'Buse Sahin', 'bm418@students.uni.edu.tr'),
(1079, '2024014019', '$2y$10$06HbKRYvM9goFbwkDtVdB.DfxGtzLL9vZHBITGx2G0Xik20pNZyAG', 'student', 'Emre Sahin', 'bm419@students.uni.edu.tr'),
(1080, '2024014020', '$2y$10$06HbKRYvM9goFbwkDtVdB.DfxGtzLL9vZHBITGx2G0Xik20pNZyAG', 'student', 'Gamze Sahin', 'bm420@students.uni.edu.tr'),
(1081, '2024021001', '$2y$10$06HbKRYvM9goFbwkDtVdB.DfxGtzLL9vZHBITGx2G0Xik20pNZyAG', 'student', 'Ali Arslan', 'ym101@students.uni.edu.tr'),
(1082, '2024021002', '$2y$10$06HbKRYvM9goFbwkDtVdB.DfxGtzLL9vZHBITGx2G0Xik20pNZyAG', 'student', 'Veli Arslan', 'ym102@students.uni.edu.tr'),
(1083, '2024021003', '$2y$10$06HbKRYvM9goFbwkDtVdB.DfxGtzLL9vZHBITGx2G0Xik20pNZyAG', 'student', 'Ahmet Arslan', 'ym103@students.uni.edu.tr'),
(1084, '2024021004', '$2y$10$06HbKRYvM9goFbwkDtVdB.DfxGtzLL9vZHBITGx2G0Xik20pNZyAG', 'student', 'Mehmet Arslan', 'ym104@students.uni.edu.tr'),
(1085, '2024021005', '$2y$10$06HbKRYvM9goFbwkDtVdB.DfxGtzLL9vZHBITGx2G0Xik20pNZyAG', 'student', 'Ayse Arslan', 'ym105@students.uni.edu.tr'),
(1086, '2024021006', '$2y$10$06HbKRYvM9goFbwkDtVdB.DfxGtzLL9vZHBITGx2G0Xik20pNZyAG', 'student', 'Fatma Arslan', 'ym106@students.uni.edu.tr'),
(1087, '2024021007', '$2y$10$06HbKRYvM9goFbwkDtVdB.DfxGtzLL9vZHBITGx2G0Xik20pNZyAG', 'student', 'Zeynep Arslan', 'ym107@students.uni.edu.tr'),
(1088, '2024021008', '$2y$10$06HbKRYvM9goFbwkDtVdB.DfxGtzLL9vZHBITGx2G0Xik20pNZyAG', 'student', 'Elif Arslan', 'ym108@students.uni.edu.tr'),
(1089, '2024021009', '$2y$10$06HbKRYvM9goFbwkDtVdB.DfxGtzLL9vZHBITGx2G0Xik20pNZyAG', 'student', 'Mert Arslan', 'ym109@students.uni.edu.tr'),
(1090, '2024021010', '$2y$10$06HbKRYvM9goFbwkDtVdB.DfxGtzLL9vZHBITGx2G0Xik20pNZyAG', 'student', 'Selin Arslan', 'ym110@students.uni.edu.tr'),
(1091, '2024021011', '$2y$10$06HbKRYvM9goFbwkDtVdB.DfxGtzLL9vZHBITGx2G0Xik20pNZyAG', 'student', 'Kerem Arslan', 'ym111@students.uni.edu.tr'),
(1092, '2024021012', '$2y$10$06HbKRYvM9goFbwkDtVdB.DfxGtzLL9vZHBITGx2G0Xik20pNZyAG', 'student', 'Ece Arslan', 'ym112@students.uni.edu.tr'),
(1093, '2024021013', '$2y$10$06HbKRYvM9goFbwkDtVdB.DfxGtzLL9vZHBITGx2G0Xik20pNZyAG', 'student', 'Cem Arslan', 'ym113@students.uni.edu.tr'),
(1094, '2024021014', '$2y$10$06HbKRYvM9goFbwkDtVdB.DfxGtzLL9vZHBITGx2G0Xik20pNZyAG', 'student', 'Deniz Arslan', 'ym114@students.uni.edu.tr'),
(1095, '2024021015', '$2y$10$06HbKRYvM9goFbwkDtVdB.DfxGtzLL9vZHBITGx2G0Xik20pNZyAG', 'student', 'Omer Arslan', 'ym115@students.uni.edu.tr'),
(1096, '2024021016', '$2y$10$06HbKRYvM9goFbwkDtVdB.DfxGtzLL9vZHBITGx2G0Xik20pNZyAG', 'student', 'Seda Arslan', 'ym116@students.uni.edu.tr'),
(1097, '2024021017', '$2y$10$06HbKRYvM9goFbwkDtVdB.DfxGtzLL9vZHBITGx2G0Xik20pNZyAG', 'student', 'Can Arslan', 'ym117@students.uni.edu.tr'),
(1098, '2024021018', '$2y$10$06HbKRYvM9goFbwkDtVdB.DfxGtzLL9vZHBITGx2G0Xik20pNZyAG', 'student', 'Buse Arslan', 'ym118@students.uni.edu.tr'),
(1099, '2024021019', '$2y$10$06HbKRYvM9goFbwkDtVdB.DfxGtzLL9vZHBITGx2G0Xik20pNZyAG', 'student', 'Emre Arslan', 'ym119@students.uni.edu.tr'),
(1100, '2024021020', '$2y$10$06HbKRYvM9goFbwkDtVdB.DfxGtzLL9vZHBITGx2G0Xik20pNZyAG', 'student', 'Gamze Arslan', 'ym120@students.uni.edu.tr'),
(1101, '2024022001', '$2y$10$06HbKRYvM9goFbwkDtVdB.DfxGtzLL9vZHBITGx2G0Xik20pNZyAG', 'student', 'Ali Aydin', 'ym201@students.uni.edu.tr'),
(1102, '2024022002', '$2y$10$06HbKRYvM9goFbwkDtVdB.DfxGtzLL9vZHBITGx2G0Xik20pNZyAG', 'student', 'Veli Aydin', 'ym202@students.uni.edu.tr'),
(1103, '2024022003', '$2y$10$06HbKRYvM9goFbwkDtVdB.DfxGtzLL9vZHBITGx2G0Xik20pNZyAG', 'student', 'Ahmet Aydin', 'ym203@students.uni.edu.tr'),
(1104, '2024022004', '$2y$10$06HbKRYvM9goFbwkDtVdB.DfxGtzLL9vZHBITGx2G0Xik20pNZyAG', 'student', 'Mehmet Aydin', 'ym204@students.uni.edu.tr'),
(1105, '2024022005', '$2y$10$06HbKRYvM9goFbwkDtVdB.DfxGtzLL9vZHBITGx2G0Xik20pNZyAG', 'student', 'Ayse Aydin', 'ym205@students.uni.edu.tr'),
(1106, '2024022006', '$2y$10$06HbKRYvM9goFbwkDtVdB.DfxGtzLL9vZHBITGx2G0Xik20pNZyAG', 'student', 'Fatma Aydin', 'ym206@students.uni.edu.tr'),
(1107, '2024022007', '$2y$10$06HbKRYvM9goFbwkDtVdB.DfxGtzLL9vZHBITGx2G0Xik20pNZyAG', 'student', 'Zeynep Aydin', 'ym207@students.uni.edu.tr'),
(1108, '2024022008', '$2y$10$06HbKRYvM9goFbwkDtVdB.DfxGtzLL9vZHBITGx2G0Xik20pNZyAG', 'student', 'Elif Aydin', 'ym208@students.uni.edu.tr'),
(1109, '2024022009', '$2y$10$06HbKRYvM9goFbwkDtVdB.DfxGtzLL9vZHBITGx2G0Xik20pNZyAG', 'student', 'Mert Aydin', 'ym209@students.uni.edu.tr'),
(1110, '2024022010', '$2y$10$06HbKRYvM9goFbwkDtVdB.DfxGtzLL9vZHBITGx2G0Xik20pNZyAG', 'student', 'Selin Aydin', 'ym210@students.uni.edu.tr'),
(1111, '2024022011', '$2y$10$06HbKRYvM9goFbwkDtVdB.DfxGtzLL9vZHBITGx2G0Xik20pNZyAG', 'student', 'Kerem Aydin', 'ym211@students.uni.edu.tr'),
(1112, '2024022012', '$2y$10$06HbKRYvM9goFbwkDtVdB.DfxGtzLL9vZHBITGx2G0Xik20pNZyAG', 'student', 'Ece Aydin', 'ym212@students.uni.edu.tr'),
(1113, '2024022013', '$2y$10$06HbKRYvM9goFbwkDtVdB.DfxGtzLL9vZHBITGx2G0Xik20pNZyAG', 'student', 'Cem Aydin', 'ym213@students.uni.edu.tr'),
(1114, '2024022014', '$2y$10$06HbKRYvM9goFbwkDtVdB.DfxGtzLL9vZHBITGx2G0Xik20pNZyAG', 'student', 'Deniz Aydin', 'ym214@students.uni.edu.tr'),
(1115, '2024022015', '$2y$10$06HbKRYvM9goFbwkDtVdB.DfxGtzLL9vZHBITGx2G0Xik20pNZyAG', 'student', 'Omer Aydin', 'ym215@students.uni.edu.tr'),
(1116, '2024022016', '$2y$10$06HbKRYvM9goFbwkDtVdB.DfxGtzLL9vZHBITGx2G0Xik20pNZyAG', 'student', 'Seda Aydin', 'ym216@students.uni.edu.tr'),
(1117, '2024022017', '$2y$10$06HbKRYvM9goFbwkDtVdB.DfxGtzLL9vZHBITGx2G0Xik20pNZyAG', 'student', 'Can Aydin', 'ym217@students.uni.edu.tr'),
(1118, '2024022018', '$2y$10$06HbKRYvM9goFbwkDtVdB.DfxGtzLL9vZHBITGx2G0Xik20pNZyAG', 'student', 'Buse Aydin', 'ym218@students.uni.edu.tr'),
(1119, '2024022019', '$2y$10$06HbKRYvM9goFbwkDtVdB.DfxGtzLL9vZHBITGx2G0Xik20pNZyAG', 'student', 'Emre Aydin', 'ym219@students.uni.edu.tr'),
(1120, '2024022020', '$2y$10$06HbKRYvM9goFbwkDtVdB.DfxGtzLL9vZHBITGx2G0Xik20pNZyAG', 'student', 'Gamze Aydin', 'ym220@students.uni.edu.tr'),
(1121, '2024023001', '$2y$10$06HbKRYvM9goFbwkDtVdB.DfxGtzLL9vZHBITGx2G0Xik20pNZyAG', 'student', 'Ali Korkmaz', 'ym301@students.uni.edu.tr'),
(1122, '2024023002', '$2y$10$06HbKRYvM9goFbwkDtVdB.DfxGtzLL9vZHBITGx2G0Xik20pNZyAG', 'student', 'Veli Korkmaz', 'ym302@students.uni.edu.tr'),
(1123, '2024023003', '$2y$10$06HbKRYvM9goFbwkDtVdB.DfxGtzLL9vZHBITGx2G0Xik20pNZyAG', 'student', 'Ahmet Korkmaz', 'ym303@students.uni.edu.tr'),
(1124, '2024023004', '$2y$10$06HbKRYvM9goFbwkDtVdB.DfxGtzLL9vZHBITGx2G0Xik20pNZyAG', 'student', 'Mehmet Korkmaz', 'ym304@students.uni.edu.tr'),
(1125, '2024023005', '$2y$10$06HbKRYvM9goFbwkDtVdB.DfxGtzLL9vZHBITGx2G0Xik20pNZyAG', 'student', 'Ayse Korkmaz', 'ym305@students.uni.edu.tr'),
(1126, '2024023006', '$2y$10$06HbKRYvM9goFbwkDtVdB.DfxGtzLL9vZHBITGx2G0Xik20pNZyAG', 'student', 'Fatma Korkmaz', 'ym306@students.uni.edu.tr'),
(1127, '2024023007', '$2y$10$06HbKRYvM9goFbwkDtVdB.DfxGtzLL9vZHBITGx2G0Xik20pNZyAG', 'student', 'Zeynep Korkmaz', 'ym307@students.uni.edu.tr'),
(1128, '2024023008', '$2y$10$06HbKRYvM9goFbwkDtVdB.DfxGtzLL9vZHBITGx2G0Xik20pNZyAG', 'student', 'Elif Korkmaz', 'ym308@students.uni.edu.tr'),
(1129, '2024023009', '$2y$10$06HbKRYvM9goFbwkDtVdB.DfxGtzLL9vZHBITGx2G0Xik20pNZyAG', 'student', 'Mert Korkmaz', 'ym309@students.uni.edu.tr'),
(1130, '2024023010', '$2y$10$06HbKRYvM9goFbwkDtVdB.DfxGtzLL9vZHBITGx2G0Xik20pNZyAG', 'student', 'Selin Korkmaz', 'ym310@students.uni.edu.tr'),
(1131, '2024023011', '$2y$10$06HbKRYvM9goFbwkDtVdB.DfxGtzLL9vZHBITGx2G0Xik20pNZyAG', 'student', 'Kerem Korkmaz', 'ym311@students.uni.edu.tr'),
(1132, '2024023012', '$2y$10$06HbKRYvM9goFbwkDtVdB.DfxGtzLL9vZHBITGx2G0Xik20pNZyAG', 'student', 'Ece Korkmaz', 'ym312@students.uni.edu.tr'),
(1133, '2024023013', '$2y$10$06HbKRYvM9goFbwkDtVdB.DfxGtzLL9vZHBITGx2G0Xik20pNZyAG', 'student', 'Cem Korkmaz', 'ym313@students.uni.edu.tr'),
(1134, '2024023014', '$2y$10$06HbKRYvM9goFbwkDtVdB.DfxGtzLL9vZHBITGx2G0Xik20pNZyAG', 'student', 'Deniz Korkmaz', 'ym314@students.uni.edu.tr'),
(1135, '2024023015', '$2y$10$06HbKRYvM9goFbwkDtVdB.DfxGtzLL9vZHBITGx2G0Xik20pNZyAG', 'student', 'Omer Korkmaz', 'ym315@students.uni.edu.tr'),
(1136, '2024023016', '$2y$10$06HbKRYvM9goFbwkDtVdB.DfxGtzLL9vZHBITGx2G0Xik20pNZyAG', 'student', 'Seda Korkmaz', 'ym316@students.uni.edu.tr'),
(1137, '2024023017', '$2y$10$06HbKRYvM9goFbwkDtVdB.DfxGtzLL9vZHBITGx2G0Xik20pNZyAG', 'student', 'Can Korkmaz', 'ym317@students.uni.edu.tr'),
(1138, '2024023018', '$2y$10$06HbKRYvM9goFbwkDtVdB.DfxGtzLL9vZHBITGx2G0Xik20pNZyAG', 'student', 'Buse Korkmaz', 'ym318@students.uni.edu.tr'),
(1139, '2024023019', '$2y$10$06HbKRYvM9goFbwkDtVdB.DfxGtzLL9vZHBITGx2G0Xik20pNZyAG', 'student', 'Emre Korkmaz', 'ym319@students.uni.edu.tr'),
(1140, '2024023020', '$2y$10$06HbKRYvM9goFbwkDtVdB.DfxGtzLL9vZHBITGx2G0Xik20pNZyAG', 'student', 'Gamze Korkmaz', 'ym320@students.uni.edu.tr'),
(1141, '2024024001', '$2y$10$06HbKRYvM9goFbwkDtVdB.DfxGtzLL9vZHBITGx2G0Xik20pNZyAG', 'student', 'Ali Cakir', 'ym401@students.uni.edu.tr'),
(1142, '2024024002', '$2y$10$06HbKRYvM9goFbwkDtVdB.DfxGtzLL9vZHBITGx2G0Xik20pNZyAG', 'student', 'Veli Cakir', 'ym402@students.uni.edu.tr'),
(1143, '2024024003', '$2y$10$06HbKRYvM9goFbwkDtVdB.DfxGtzLL9vZHBITGx2G0Xik20pNZyAG', 'student', 'Ahmet Cakir', 'ym403@students.uni.edu.tr'),
(1144, '2024024004', '$2y$10$06HbKRYvM9goFbwkDtVdB.DfxGtzLL9vZHBITGx2G0Xik20pNZyAG', 'student', 'Mehmet Cakir', 'ym404@students.uni.edu.tr'),
(1145, '2024024005', '$2y$10$06HbKRYvM9goFbwkDtVdB.DfxGtzLL9vZHBITGx2G0Xik20pNZyAG', 'student', 'Ayse Cakir', 'ym405@students.uni.edu.tr'),
(1146, '2024024006', '$2y$10$06HbKRYvM9goFbwkDtVdB.DfxGtzLL9vZHBITGx2G0Xik20pNZyAG', 'student', 'Fatma Cakir', 'ym406@students.uni.edu.tr'),
(1147, '2024024007', '$2y$10$06HbKRYvM9goFbwkDtVdB.DfxGtzLL9vZHBITGx2G0Xik20pNZyAG', 'student', 'Zeynep Cakir', 'ym407@students.uni.edu.tr'),
(1148, '2024024008', '$2y$10$06HbKRYvM9goFbwkDtVdB.DfxGtzLL9vZHBITGx2G0Xik20pNZyAG', 'student', 'Elif Cakir', 'ym408@students.uni.edu.tr'),
(1149, '2024024009', '$2y$10$06HbKRYvM9goFbwkDtVdB.DfxGtzLL9vZHBITGx2G0Xik20pNZyAG', 'student', 'Mert Cakir', 'ym409@students.uni.edu.tr'),
(1150, '2024024010', '$2y$10$06HbKRYvM9goFbwkDtVdB.DfxGtzLL9vZHBITGx2G0Xik20pNZyAG', 'student', 'Selin Cakir', 'ym410@students.uni.edu.tr'),
(1151, '2024024011', '$2y$10$06HbKRYvM9goFbwkDtVdB.DfxGtzLL9vZHBITGx2G0Xik20pNZyAG', 'student', 'Kerem Cakir', 'ym411@students.uni.edu.tr'),
(1152, '2024024012', '$2y$10$06HbKRYvM9goFbwkDtVdB.DfxGtzLL9vZHBITGx2G0Xik20pNZyAG', 'student', 'Ece Cakir', 'ym412@students.uni.edu.tr'),
(1153, '2024024013', '$2y$10$06HbKRYvM9goFbwkDtVdB.DfxGtzLL9vZHBITGx2G0Xik20pNZyAG', 'student', 'Cem Cakir', 'ym413@students.uni.edu.tr'),
(1154, '2024024014', '$2y$10$06HbKRYvM9goFbwkDtVdB.DfxGtzLL9vZHBITGx2G0Xik20pNZyAG', 'student', 'Deniz Cakir', 'ym414@students.uni.edu.tr'),
(1155, '2024024015', '$2y$10$06HbKRYvM9goFbwkDtVdB.DfxGtzLL9vZHBITGx2G0Xik20pNZyAG', 'student', 'Omer Cakir', 'ym415@students.uni.edu.tr'),
(1156, '2024024016', '$2y$10$06HbKRYvM9goFbwkDtVdB.DfxGtzLL9vZHBITGx2G0Xik20pNZyAG', 'student', 'Seda Cakir', 'ym416@students.uni.edu.tr'),
(1157, '2024024017', '$2y$10$06HbKRYvM9goFbwkDtVdB.DfxGtzLL9vZHBITGx2G0Xik20pNZyAG', 'student', 'Can Cakir', 'ym417@students.uni.edu.tr'),
(1158, '2024024018', '$2y$10$06HbKRYvM9goFbwkDtVdB.DfxGtzLL9vZHBITGx2G0Xik20pNZyAG', 'student', 'Buse Cakir', 'ym418@students.uni.edu.tr'),
(1159, '2024024019', '$2y$10$06HbKRYvM9goFbwkDtVdB.DfxGtzLL9vZHBITGx2G0Xik20pNZyAG', 'student', 'Emre Cakir', 'ym419@students.uni.edu.tr'),
(1160, '2024024020', '$2y$10$06HbKRYvM9goFbwkDtVdB.DfxGtzLL9vZHBITGx2G0Xik20pNZyAG', 'student', 'Gamze Cakir', 'ym420@students.uni.edu.tr'),
(1161, '2024031001', '$2y$10$06HbKRYvM9goFbwkDtVdB.DfxGtzLL9vZHBITGx2G0Xik20pNZyAG', 'student', 'Ali Yalcin', 'em101@students.uni.edu.tr'),
(1162, '2024031002', '$2y$10$06HbKRYvM9goFbwkDtVdB.DfxGtzLL9vZHBITGx2G0Xik20pNZyAG', 'student', 'Veli Yalcin', 'em102@students.uni.edu.tr'),
(1163, '2024031003', '$2y$10$06HbKRYvM9goFbwkDtVdB.DfxGtzLL9vZHBITGx2G0Xik20pNZyAG', 'student', 'Ahmet Yalcin', 'em103@students.uni.edu.tr'),
(1164, '2024031004', '$2y$10$06HbKRYvM9goFbwkDtVdB.DfxGtzLL9vZHBITGx2G0Xik20pNZyAG', 'student', 'Mehmet Yalcin', 'em104@students.uni.edu.tr'),
(1165, '2024031005', '$2y$10$06HbKRYvM9goFbwkDtVdB.DfxGtzLL9vZHBITGx2G0Xik20pNZyAG', 'student', 'Ayse Yalcin', 'em105@students.uni.edu.tr'),
(1166, '2024031006', '$2y$10$06HbKRYvM9goFbwkDtVdB.DfxGtzLL9vZHBITGx2G0Xik20pNZyAG', 'student', 'Fatma Yalcin', 'em106@students.uni.edu.tr'),
(1167, '2024031007', '$2y$10$06HbKRYvM9goFbwkDtVdB.DfxGtzLL9vZHBITGx2G0Xik20pNZyAG', 'student', 'Zeynep Yalcin', 'em107@students.uni.edu.tr'),
(1168, '2024031008', '$2y$10$06HbKRYvM9goFbwkDtVdB.DfxGtzLL9vZHBITGx2G0Xik20pNZyAG', 'student', 'Elif Yalcin', 'em108@students.uni.edu.tr'),
(1169, '2024031009', '$2y$10$06HbKRYvM9goFbwkDtVdB.DfxGtzLL9vZHBITGx2G0Xik20pNZyAG', 'student', 'Mert Yalcin', 'em109@students.uni.edu.tr'),
(1170, '2024031010', '$2y$10$06HbKRYvM9goFbwkDtVdB.DfxGtzLL9vZHBITGx2G0Xik20pNZyAG', 'student', 'Selin Yalcin', 'em110@students.uni.edu.tr'),
(1171, '2024031011', '$2y$10$06HbKRYvM9goFbwkDtVdB.DfxGtzLL9vZHBITGx2G0Xik20pNZyAG', 'student', 'Kerem Yalcin', 'em111@students.uni.edu.tr'),
(1172, '2024031012', '$2y$10$06HbKRYvM9goFbwkDtVdB.DfxGtzLL9vZHBITGx2G0Xik20pNZyAG', 'student', 'Ece Yalcin', 'em112@students.uni.edu.tr'),
(1173, '2024031013', '$2y$10$06HbKRYvM9goFbwkDtVdB.DfxGtzLL9vZHBITGx2G0Xik20pNZyAG', 'student', 'Cem Yalcin', 'em113@students.uni.edu.tr'),
(1174, '2024031014', '$2y$10$06HbKRYvM9goFbwkDtVdB.DfxGtzLL9vZHBITGx2G0Xik20pNZyAG', 'student', 'Deniz Yalcin', 'em114@students.uni.edu.tr'),
(1175, '2024031015', '$2y$10$06HbKRYvM9goFbwkDtVdB.DfxGtzLL9vZHBITGx2G0Xik20pNZyAG', 'student', 'Omer Yalcin', 'em115@students.uni.edu.tr'),
(1176, '2024031016', '$2y$10$06HbKRYvM9goFbwkDtVdB.DfxGtzLL9vZHBITGx2G0Xik20pNZyAG', 'student', 'Seda Yalcin', 'em116@students.uni.edu.tr'),
(1177, '2024031017', '$2y$10$06HbKRYvM9goFbwkDtVdB.DfxGtzLL9vZHBITGx2G0Xik20pNZyAG', 'student', 'Can Yalcin', 'em117@students.uni.edu.tr'),
(1178, '2024031018', '$2y$10$06HbKRYvM9goFbwkDtVdB.DfxGtzLL9vZHBITGx2G0Xik20pNZyAG', 'student', 'Buse Yalcin', 'em118@students.uni.edu.tr'),
(1179, '2024031019', '$2y$10$06HbKRYvM9goFbwkDtVdB.DfxGtzLL9vZHBITGx2G0Xik20pNZyAG', 'student', 'Emre Yalcin', 'em119@students.uni.edu.tr'),
(1180, '2024031020', '$2y$10$06HbKRYvM9goFbwkDtVdB.DfxGtzLL9vZHBITGx2G0Xik20pNZyAG', 'student', 'Gamze Yalcin', 'em120@students.uni.edu.tr'),
(1181, '2024032001', '$2y$10$06HbKRYvM9goFbwkDtVdB.DfxGtzLL9vZHBITGx2G0Xik20pNZyAG', 'student', 'Ali Aslan', 'em201@students.uni.edu.tr'),
(1182, '2024032002', '$2y$10$06HbKRYvM9goFbwkDtVdB.DfxGtzLL9vZHBITGx2G0Xik20pNZyAG', 'student', 'Veli Aslan', 'em202@students.uni.edu.tr'),
(1183, '2024032003', '$2y$10$06HbKRYvM9goFbwkDtVdB.DfxGtzLL9vZHBITGx2G0Xik20pNZyAG', 'student', 'Ahmet Aslan', 'em203@students.uni.edu.tr'),
(1184, '2024032004', '$2y$10$06HbKRYvM9goFbwkDtVdB.DfxGtzLL9vZHBITGx2G0Xik20pNZyAG', 'student', 'Mehmet Aslan', 'em204@students.uni.edu.tr'),
(1185, '2024032005', '$2y$10$06HbKRYvM9goFbwkDtVdB.DfxGtzLL9vZHBITGx2G0Xik20pNZyAG', 'student', 'Ayse Aslan', 'em205@students.uni.edu.tr'),
(1186, '2024032006', '$2y$10$06HbKRYvM9goFbwkDtVdB.DfxGtzLL9vZHBITGx2G0Xik20pNZyAG', 'student', 'Fatma Aslan', 'em206@students.uni.edu.tr'),
(1187, '2024032007', '$2y$10$06HbKRYvM9goFbwkDtVdB.DfxGtzLL9vZHBITGx2G0Xik20pNZyAG', 'student', 'Zeynep Aslan', 'em207@students.uni.edu.tr'),
(1188, '2024032008', '$2y$10$06HbKRYvM9goFbwkDtVdB.DfxGtzLL9vZHBITGx2G0Xik20pNZyAG', 'student', 'Elif Aslan', 'em208@students.uni.edu.tr'),
(1189, '2024032009', '$2y$10$06HbKRYvM9goFbwkDtVdB.DfxGtzLL9vZHBITGx2G0Xik20pNZyAG', 'student', 'Mert Aslan', 'em209@students.uni.edu.tr'),
(1190, '2024032010', '$2y$10$06HbKRYvM9goFbwkDtVdB.DfxGtzLL9vZHBITGx2G0Xik20pNZyAG', 'student', 'Selin Aslan', 'em210@students.uni.edu.tr'),
(1191, '2024032011', '$2y$10$06HbKRYvM9goFbwkDtVdB.DfxGtzLL9vZHBITGx2G0Xik20pNZyAG', 'student', 'Kerem Aslan', 'em211@students.uni.edu.tr'),
(1192, '2024032012', '$2y$10$06HbKRYvM9goFbwkDtVdB.DfxGtzLL9vZHBITGx2G0Xik20pNZyAG', 'student', 'Ece Aslan', 'em212@students.uni.edu.tr'),
(1193, '2024032013', '$2y$10$06HbKRYvM9goFbwkDtVdB.DfxGtzLL9vZHBITGx2G0Xik20pNZyAG', 'student', 'Cem Aslan', 'em213@students.uni.edu.tr'),
(1194, '2024032014', '$2y$10$06HbKRYvM9goFbwkDtVdB.DfxGtzLL9vZHBITGx2G0Xik20pNZyAG', 'student', 'Deniz Aslan', 'em214@students.uni.edu.tr'),
(1195, '2024032015', '$2y$10$06HbKRYvM9goFbwkDtVdB.DfxGtzLL9vZHBITGx2G0Xik20pNZyAG', 'student', 'Omer Aslan', 'em215@students.uni.edu.tr'),
(1196, '2024032016', '$2y$10$06HbKRYvM9goFbwkDtVdB.DfxGtzLL9vZHBITGx2G0Xik20pNZyAG', 'student', 'Seda Aslan', 'em216@students.uni.edu.tr'),
(1197, '2024032017', '$2y$10$06HbKRYvM9goFbwkDtVdB.DfxGtzLL9vZHBITGx2G0Xik20pNZyAG', 'student', 'Can Aslan', 'em217@students.uni.edu.tr'),
(1198, '2024032018', '$2y$10$06HbKRYvM9goFbwkDtVdB.DfxGtzLL9vZHBITGx2G0Xik20pNZyAG', 'student', 'Buse Aslan', 'em218@students.uni.edu.tr'),
(1199, '2024032019', '$2y$10$06HbKRYvM9goFbwkDtVdB.DfxGtzLL9vZHBITGx2G0Xik20pNZyAG', 'student', 'Emre Aslan', 'em219@students.uni.edu.tr'),
(1200, '2024032020', '$2y$10$06HbKRYvM9goFbwkDtVdB.DfxGtzLL9vZHBITGx2G0Xik20pNZyAG', 'student', 'Gamze Aslan', 'em220@students.uni.edu.tr'),
(1201, '2024033001', '$2y$10$06HbKRYvM9goFbwkDtVdB.DfxGtzLL9vZHBITGx2G0Xik20pNZyAG', 'student', 'Ali Polat', 'em301@students.uni.edu.tr'),
(1202, '2024033002', '$2y$10$06HbKRYvM9goFbwkDtVdB.DfxGtzLL9vZHBITGx2G0Xik20pNZyAG', 'student', 'Veli Polat', 'em302@students.uni.edu.tr'),
(1203, '2024033003', '$2y$10$06HbKRYvM9goFbwkDtVdB.DfxGtzLL9vZHBITGx2G0Xik20pNZyAG', 'student', 'Ahmet Polat', 'em303@students.uni.edu.tr'),
(1204, '2024033004', '$2y$10$06HbKRYvM9goFbwkDtVdB.DfxGtzLL9vZHBITGx2G0Xik20pNZyAG', 'student', 'Mehmet Polat', 'em304@students.uni.edu.tr'),
(1205, '2024033005', '$2y$10$06HbKRYvM9goFbwkDtVdB.DfxGtzLL9vZHBITGx2G0Xik20pNZyAG', 'student', 'Ayse Polat', 'em305@students.uni.edu.tr'),
(1206, '2024033006', '$2y$10$06HbKRYvM9goFbwkDtVdB.DfxGtzLL9vZHBITGx2G0Xik20pNZyAG', 'student', 'Fatma Polat', 'em306@students.uni.edu.tr'),
(1207, '2024033007', '$2y$10$06HbKRYvM9goFbwkDtVdB.DfxGtzLL9vZHBITGx2G0Xik20pNZyAG', 'student', 'Zeynep Polat', 'em307@students.uni.edu.tr'),
(1208, '2024033008', '$2y$10$06HbKRYvM9goFbwkDtVdB.DfxGtzLL9vZHBITGx2G0Xik20pNZyAG', 'student', 'Elif Polat', 'em308@students.uni.edu.tr'),
(1209, '2024033009', '$2y$10$06HbKRYvM9goFbwkDtVdB.DfxGtzLL9vZHBITGx2G0Xik20pNZyAG', 'student', 'Mert Polat', 'em309@students.uni.edu.tr'),
(1210, '2024033010', '$2y$10$06HbKRYvM9goFbwkDtVdB.DfxGtzLL9vZHBITGx2G0Xik20pNZyAG', 'student', 'Selin Polat', 'em310@students.uni.edu.tr'),
(1211, '2024033011', '$2y$10$06HbKRYvM9goFbwkDtVdB.DfxGtzLL9vZHBITGx2G0Xik20pNZyAG', 'student', 'Kerem Polat', 'em311@students.uni.edu.tr'),
(1212, '2024033012', '$2y$10$06HbKRYvM9goFbwkDtVdB.DfxGtzLL9vZHBITGx2G0Xik20pNZyAG', 'student', 'Ece Polat', 'em312@students.uni.edu.tr'),
(1213, '2024033013', '$2y$10$06HbKRYvM9goFbwkDtVdB.DfxGtzLL9vZHBITGx2G0Xik20pNZyAG', 'student', 'Cem Polat', 'em313@students.uni.edu.tr'),
(1214, '2024033014', '$2y$10$06HbKRYvM9goFbwkDtVdB.DfxGtzLL9vZHBITGx2G0Xik20pNZyAG', 'student', 'Deniz Polat', 'em314@students.uni.edu.tr'),
(1215, '2024033015', '$2y$10$06HbKRYvM9goFbwkDtVdB.DfxGtzLL9vZHBITGx2G0Xik20pNZyAG', 'student', 'Omer Polat', 'em315@students.uni.edu.tr'),
(1216, '2024033016', '$2y$10$06HbKRYvM9goFbwkDtVdB.DfxGtzLL9vZHBITGx2G0Xik20pNZyAG', 'student', 'Seda Polat', 'em316@students.uni.edu.tr'),
(1217, '2024033017', '$2y$10$06HbKRYvM9goFbwkDtVdB.DfxGtzLL9vZHBITGx2G0Xik20pNZyAG', 'student', 'Can Polat', 'em317@students.uni.edu.tr'),
(1218, '2024033018', '$2y$10$06HbKRYvM9goFbwkDtVdB.DfxGtzLL9vZHBITGx2G0Xik20pNZyAG', 'student', 'Buse Polat', 'em318@students.uni.edu.tr'),
(1219, '2024033019', '$2y$10$06HbKRYvM9goFbwkDtVdB.DfxGtzLL9vZHBITGx2G0Xik20pNZyAG', 'student', 'Emre Polat', 'em319@students.uni.edu.tr'),
(1220, '2024033020', '$2y$10$06HbKRYvM9goFbwkDtVdB.DfxGtzLL9vZHBITGx2G0Xik20pNZyAG', 'student', 'Gamze Polat', 'em320@students.uni.edu.tr'),
(1221, '2024034001', '$2y$10$06HbKRYvM9goFbwkDtVdB.DfxGtzLL9vZHBITGx2G0Xik20pNZyAG', 'student', 'Ali Gunes', 'em401@students.uni.edu.tr'),
(1222, '2024034002', '$2y$10$06HbKRYvM9goFbwkDtVdB.DfxGtzLL9vZHBITGx2G0Xik20pNZyAG', 'student', 'Veli Gunes', 'em402@students.uni.edu.tr'),
(1223, '2024034003', '$2y$10$06HbKRYvM9goFbwkDtVdB.DfxGtzLL9vZHBITGx2G0Xik20pNZyAG', 'student', 'Ahmet Gunes', 'em403@students.uni.edu.tr'),
(1224, '2024034004', '$2y$10$06HbKRYvM9goFbwkDtVdB.DfxGtzLL9vZHBITGx2G0Xik20pNZyAG', 'student', 'Mehmet Gunes', 'em404@students.uni.edu.tr'),
(1225, '2024034005', '$2y$10$06HbKRYvM9goFbwkDtVdB.DfxGtzLL9vZHBITGx2G0Xik20pNZyAG', 'student', 'Ayse Gunes', 'em405@students.uni.edu.tr'),
(1226, '2024034006', '$2y$10$06HbKRYvM9goFbwkDtVdB.DfxGtzLL9vZHBITGx2G0Xik20pNZyAG', 'student', 'Fatma Gunes', 'em406@students.uni.edu.tr'),
(1227, '2024034007', '$2y$10$06HbKRYvM9goFbwkDtVdB.DfxGtzLL9vZHBITGx2G0Xik20pNZyAG', 'student', 'Zeynep Gunes', 'em407@students.uni.edu.tr'),
(1228, '2024034008', '$2y$10$06HbKRYvM9goFbwkDtVdB.DfxGtzLL9vZHBITGx2G0Xik20pNZyAG', 'student', 'Elif Gunes', 'em408@students.uni.edu.tr'),
(1229, '2024034009', '$2y$10$06HbKRYvM9goFbwkDtVdB.DfxGtzLL9vZHBITGx2G0Xik20pNZyAG', 'student', 'Mert Gunes', 'em409@students.uni.edu.tr'),
(1230, '2024034010', '$2y$10$06HbKRYvM9goFbwkDtVdB.DfxGtzLL9vZHBITGx2G0Xik20pNZyAG', 'student', 'Selin Gunes', 'em410@students.uni.edu.tr'),
(1231, '2024034011', '$2y$10$06HbKRYvM9goFbwkDtVdB.DfxGtzLL9vZHBITGx2G0Xik20pNZyAG', 'student', 'Kerem Gunes', 'em411@students.uni.edu.tr'),
(1232, '2024034012', '$2y$10$06HbKRYvM9goFbwkDtVdB.DfxGtzLL9vZHBITGx2G0Xik20pNZyAG', 'student', 'Ece Gunes', 'em412@students.uni.edu.tr'),
(1233, '2024034013', '$2y$10$06HbKRYvM9goFbwkDtVdB.DfxGtzLL9vZHBITGx2G0Xik20pNZyAG', 'student', 'Cem Gunes', 'em413@students.uni.edu.tr'),
(1234, '2024034014', '$2y$10$06HbKRYvM9goFbwkDtVdB.DfxGtzLL9vZHBITGx2G0Xik20pNZyAG', 'student', 'Deniz Gunes', 'em414@students.uni.edu.tr'),
(1235, '2024034015', '$2y$10$06HbKRYvM9goFbwkDtVdB.DfxGtzLL9vZHBITGx2G0Xik20pNZyAG', 'student', 'Omer Gunes', 'em415@students.uni.edu.tr'),
(1236, '2024034016', '$2y$10$06HbKRYvM9goFbwkDtVdB.DfxGtzLL9vZHBITGx2G0Xik20pNZyAG', 'student', 'Seda Gunes', 'em416@students.uni.edu.tr'),
(1237, '2024034017', '$2y$10$06HbKRYvM9goFbwkDtVdB.DfxGtzLL9vZHBITGx2G0Xik20pNZyAG', 'student', 'Can Gunes', 'em417@students.uni.edu.tr'),
(1238, '2024034018', '$2y$10$06HbKRYvM9goFbwkDtVdB.DfxGtzLL9vZHBITGx2G0Xik20pNZyAG', 'student', 'Buse Gunes', 'em418@students.uni.edu.tr'),
(1239, '2024034019', '$2y$10$06HbKRYvM9goFbwkDtVdB.DfxGtzLL9vZHBITGx2G0Xik20pNZyAG', 'student', 'Emre Gunes', 'em419@students.uni.edu.tr'),
(1240, '2024034020', '$2y$10$06HbKRYvM9goFbwkDtVdB.DfxGtzLL9vZHBITGx2G0Xik20pNZyAG', 'student', 'Gamze Gunes', 'em420@students.uni.edu.tr');

-- Mix student surnames for more realistic class lists
UPDATE users
SET full_name = CONCAT(
  SUBSTRING_INDEX(full_name, ' ', 1),
  ' ',
  ELT(1 + MOD(id, 12), 'Kaya', 'Demir', 'Sahin', 'Yildiz', 'Aydin', 'Arslan',
      'Korkmaz', 'Celik', 'Yavuz', 'Karaca', 'Aksoy', 'Guler')
)
WHERE role = 'student';

INSERT INTO teachers (id, user_id, title, department, phone, email)
VALUES
(1, 2, 'Prof. Dr.', 'Bilgisayar Muhendisligi', '+90 555 200 01 01', 'teacher01@uni.edu.tr'),
(2, 3, 'Dr.', 'Yazilim Muhendisligi', '+90 555 200 02 02', 'teacher02@uni.edu.tr'),
(3, 4, 'Prof. Dr.', 'Endustri Muhendisligi', '+90 555 200 03 03', 'teacher03@uni.edu.tr'),
(4, 5, 'Dr.', 'Bilgisayar Muhendisligi', '+90 555 200 04 04', 'teacher04@uni.edu.tr'),
(5, 6, 'Dr.', 'Yazilim Muhendisligi', '+90 555 200 05 05', 'teacher05@uni.edu.tr'),
(6, 7, 'Assoc. Prof.', 'Endustri Muhendisligi', '+90 555 200 06 06', 'teacher06@uni.edu.tr'),
(7, 8, 'Dr.', 'Bilgisayar Muhendisligi', '+90 555 200 07 07', 'teacher07@uni.edu.tr'),
(8, 9, 'Assoc. Prof.', 'Yazilim Muhendisligi', '+90 555 200 08 08', 'teacher08@uni.edu.tr'),
(9, 10, 'Dr.', 'Endustri Muhendisligi', '+90 555 200 09 09', 'teacher09@uni.edu.tr'),
(10, 11, 'Prof. Dr.', 'Bilgisayar Muhendisligi', '+90 555 200 10 10', 'teacher10@uni.edu.tr');

INSERT INTO students (id, user_id, student_no, department, class_level, phone, status, photo_url, face_encoding)
VALUES
(1, 1001, '2024011001', 'Bilgisayar Muhendisligi', '1. Sinif', '+90 555 300 0001', 'aktif', NULL, NULL),
(2, 1002, '2024011002', 'Bilgisayar Muhendisligi', '1. Sinif', '+90 555 300 0002', 'aktif', NULL, NULL),
(3, 1003, '2024011003', 'Bilgisayar Muhendisligi', '1. Sinif', '+90 555 300 0003', 'aktif', NULL, NULL),
(4, 1004, '2024011004', 'Bilgisayar Muhendisligi', '1. Sinif', '+90 555 300 0004', 'aktif', NULL, NULL),
(5, 1005, '2024011005', 'Bilgisayar Muhendisligi', '1. Sinif', '+90 555 300 0005', 'aktif', NULL, NULL),
(6, 1006, '2024011006', 'Bilgisayar Muhendisligi', '1. Sinif', '+90 555 300 0006', 'aktif', NULL, NULL),
(7, 1007, '2024011007', 'Bilgisayar Muhendisligi', '1. Sinif', '+90 555 300 0007', 'aktif', NULL, NULL),
(8, 1008, '2024011008', 'Bilgisayar Muhendisligi', '1. Sinif', '+90 555 300 0008', 'aktif', NULL, NULL),
(9, 1009, '2024011009', 'Bilgisayar Muhendisligi', '1. Sinif', '+90 555 300 0009', 'aktif', NULL, NULL),
(10, 1010, '2024011010', 'Bilgisayar Muhendisligi', '1. Sinif', '+90 555 300 0010', 'aktif', NULL, NULL),
(11, 1011, '2024011011', 'Bilgisayar Muhendisligi', '1. Sinif', '+90 555 300 0011', 'aktif', NULL, NULL),
(12, 1012, '2024011012', 'Bilgisayar Muhendisligi', '1. Sinif', '+90 555 300 0012', 'aktif', NULL, NULL),
(13, 1013, '2024011013', 'Bilgisayar Muhendisligi', '1. Sinif', '+90 555 300 0013', 'aktif', NULL, NULL),
(14, 1014, '2024011014', 'Bilgisayar Muhendisligi', '1. Sinif', '+90 555 300 0014', 'aktif', NULL, NULL),
(15, 1015, '2024011015', 'Bilgisayar Muhendisligi', '1. Sinif', '+90 555 300 0015', 'aktif', NULL, NULL),
(16, 1016, '2024011016', 'Bilgisayar Muhendisligi', '1. Sinif', '+90 555 300 0016', 'aktif', NULL, NULL),
(17, 1017, '2024011017', 'Bilgisayar Muhendisligi', '1. Sinif', '+90 555 300 0017', 'aktif', NULL, NULL),
(18, 1018, '2024011018', 'Bilgisayar Muhendisligi', '1. Sinif', '+90 555 300 0018', 'aktif', NULL, NULL),
(19, 1019, '2024011019', 'Bilgisayar Muhendisligi', '1. Sinif', '+90 555 300 0019', 'aktif', NULL, NULL),
(20, 1020, '2024011020', 'Bilgisayar Muhendisligi', '1. Sinif', '+90 555 300 0020', 'aktif', NULL, NULL),
(21, 1021, '2024012001', 'Bilgisayar Muhendisligi', '2. Sinif', '+90 555 300 0021', 'aktif', NULL, NULL),
(22, 1022, '2024012002', 'Bilgisayar Muhendisligi', '2. Sinif', '+90 555 300 0022', 'aktif', NULL, NULL),
(23, 1023, '2024012003', 'Bilgisayar Muhendisligi', '2. Sinif', '+90 555 300 0023', 'aktif', NULL, NULL),
(24, 1024, '2024012004', 'Bilgisayar Muhendisligi', '2. Sinif', '+90 555 300 0024', 'aktif', NULL, NULL),
(25, 1025, '2024012005', 'Bilgisayar Muhendisligi', '2. Sinif', '+90 555 300 0025', 'aktif', NULL, NULL),
(26, 1026, '2024012006', 'Bilgisayar Muhendisligi', '2. Sinif', '+90 555 300 0026', 'aktif', NULL, NULL),
(27, 1027, '2024012007', 'Bilgisayar Muhendisligi', '2. Sinif', '+90 555 300 0027', 'aktif', NULL, NULL),
(28, 1028, '2024012008', 'Bilgisayar Muhendisligi', '2. Sinif', '+90 555 300 0028', 'aktif', NULL, NULL),
(29, 1029, '2024012009', 'Bilgisayar Muhendisligi', '2. Sinif', '+90 555 300 0029', 'aktif', NULL, NULL),
(30, 1030, '2024012010', 'Bilgisayar Muhendisligi', '2. Sinif', '+90 555 300 0030', 'aktif', NULL, NULL),
(31, 1031, '2024012011', 'Bilgisayar Muhendisligi', '2. Sinif', '+90 555 300 0031', 'aktif', NULL, NULL),
(32, 1032, '2024012012', 'Bilgisayar Muhendisligi', '2. Sinif', '+90 555 300 0032', 'aktif', NULL, NULL),
(33, 1033, '2024012013', 'Bilgisayar Muhendisligi', '2. Sinif', '+90 555 300 0033', 'aktif', NULL, NULL),
(34, 1034, '2024012014', 'Bilgisayar Muhendisligi', '2. Sinif', '+90 555 300 0034', 'aktif', NULL, NULL),
(35, 1035, '2024012015', 'Bilgisayar Muhendisligi', '2. Sinif', '+90 555 300 0035', 'aktif', NULL, NULL),
(36, 1036, '2024012016', 'Bilgisayar Muhendisligi', '2. Sinif', '+90 555 300 0036', 'aktif', NULL, NULL),
(37, 1037, '2024012017', 'Bilgisayar Muhendisligi', '2. Sinif', '+90 555 300 0037', 'aktif', NULL, NULL),
(38, 1038, '2024012018', 'Bilgisayar Muhendisligi', '2. Sinif', '+90 555 300 0038', 'aktif', NULL, NULL),
(39, 1039, '2024012019', 'Bilgisayar Muhendisligi', '2. Sinif', '+90 555 300 0039', 'aktif', NULL, NULL),
(40, 1040, '2024012020', 'Bilgisayar Muhendisligi', '2. Sinif', '+90 555 300 0040', 'aktif', NULL, NULL),
(41, 1041, '2024013001', 'Bilgisayar Muhendisligi', '3. Sinif', '+90 555 300 0041', 'aktif', NULL, NULL),
(42, 1042, '2024013002', 'Bilgisayar Muhendisligi', '3. Sinif', '+90 555 300 0042', 'aktif', NULL, NULL),
(43, 1043, '2024013003', 'Bilgisayar Muhendisligi', '3. Sinif', '+90 555 300 0043', 'aktif', NULL, NULL),
(44, 1044, '2024013004', 'Bilgisayar Muhendisligi', '3. Sinif', '+90 555 300 0044', 'aktif', NULL, NULL),
(45, 1045, '2024013005', 'Bilgisayar Muhendisligi', '3. Sinif', '+90 555 300 0045', 'aktif', NULL, NULL),
(46, 1046, '2024013006', 'Bilgisayar Muhendisligi', '3. Sinif', '+90 555 300 0046', 'aktif', NULL, NULL),
(47, 1047, '2024013007', 'Bilgisayar Muhendisligi', '3. Sinif', '+90 555 300 0047', 'aktif', NULL, NULL),
(48, 1048, '2024013008', 'Bilgisayar Muhendisligi', '3. Sinif', '+90 555 300 0048', 'aktif', NULL, NULL),
(49, 1049, '2024013009', 'Bilgisayar Muhendisligi', '3. Sinif', '+90 555 300 0049', 'aktif', NULL, NULL),
(50, 1050, '2024013010', 'Bilgisayar Muhendisligi', '3. Sinif', '+90 555 300 0050', 'aktif', NULL, NULL),
(51, 1051, '2024013011', 'Bilgisayar Muhendisligi', '3. Sinif', '+90 555 300 0051', 'aktif', NULL, NULL),
(52, 1052, '2024013012', 'Bilgisayar Muhendisligi', '3. Sinif', '+90 555 300 0052', 'aktif', NULL, NULL),
(53, 1053, '2024013013', 'Bilgisayar Muhendisligi', '3. Sinif', '+90 555 300 0053', 'aktif', NULL, NULL),
(54, 1054, '2024013014', 'Bilgisayar Muhendisligi', '3. Sinif', '+90 555 300 0054', 'aktif', NULL, NULL),
(55, 1055, '2024013015', 'Bilgisayar Muhendisligi', '3. Sinif', '+90 555 300 0055', 'aktif', NULL, NULL),
(56, 1056, '2024013016', 'Bilgisayar Muhendisligi', '3. Sinif', '+90 555 300 0056', 'aktif', NULL, NULL),
(57, 1057, '2024013017', 'Bilgisayar Muhendisligi', '3. Sinif', '+90 555 300 0057', 'aktif', NULL, NULL),
(58, 1058, '2024013018', 'Bilgisayar Muhendisligi', '3. Sinif', '+90 555 300 0058', 'aktif', NULL, NULL),
(59, 1059, '2024013019', 'Bilgisayar Muhendisligi', '3. Sinif', '+90 555 300 0059', 'aktif', NULL, NULL),
(60, 1060, '2024013020', 'Bilgisayar Muhendisligi', '3. Sinif', '+90 555 300 0060', 'aktif', NULL, NULL),
(61, 1061, '2024014001', 'Bilgisayar Muhendisligi', '4. Sinif', '+90 555 300 0061', 'aktif', NULL, NULL),
(62, 1062, '2024014002', 'Bilgisayar Muhendisligi', '4. Sinif', '+90 555 300 0062', 'aktif', NULL, NULL),
(63, 1063, '2024014003', 'Bilgisayar Muhendisligi', '4. Sinif', '+90 555 300 0063', 'aktif', NULL, NULL),
(64, 1064, '2024014004', 'Bilgisayar Muhendisligi', '4. Sinif', '+90 555 300 0064', 'aktif', NULL, NULL),
(65, 1065, '2024014005', 'Bilgisayar Muhendisligi', '4. Sinif', '+90 555 300 0065', 'aktif', NULL, NULL),
(66, 1066, '2024014006', 'Bilgisayar Muhendisligi', '4. Sinif', '+90 555 300 0066', 'aktif', NULL, NULL),
(67, 1067, '2024014007', 'Bilgisayar Muhendisligi', '4. Sinif', '+90 555 300 0067', 'aktif', NULL, NULL),
(68, 1068, '2024014008', 'Bilgisayar Muhendisligi', '4. Sinif', '+90 555 300 0068', 'aktif', NULL, NULL),
(69, 1069, '2024014009', 'Bilgisayar Muhendisligi', '4. Sinif', '+90 555 300 0069', 'aktif', NULL, NULL),
(70, 1070, '2024014010', 'Bilgisayar Muhendisligi', '4. Sinif', '+90 555 300 0070', 'aktif', NULL, NULL),
(71, 1071, '2024014011', 'Bilgisayar Muhendisligi', '4. Sinif', '+90 555 300 0071', 'aktif', NULL, NULL),
(72, 1072, '2024014012', 'Bilgisayar Muhendisligi', '4. Sinif', '+90 555 300 0072', 'aktif', NULL, NULL),
(73, 1073, '2024014013', 'Bilgisayar Muhendisligi', '4. Sinif', '+90 555 300 0073', 'aktif', NULL, NULL),
(74, 1074, '2024014014', 'Bilgisayar Muhendisligi', '4. Sinif', '+90 555 300 0074', 'aktif', NULL, NULL),
(75, 1075, '2024014015', 'Bilgisayar Muhendisligi', '4. Sinif', '+90 555 300 0075', 'aktif', NULL, NULL),
(76, 1076, '2024014016', 'Bilgisayar Muhendisligi', '4. Sinif', '+90 555 300 0076', 'aktif', NULL, NULL),
(77, 1077, '2024014017', 'Bilgisayar Muhendisligi', '4. Sinif', '+90 555 300 0077', 'aktif', NULL, NULL),
(78, 1078, '2024014018', 'Bilgisayar Muhendisligi', '4. Sinif', '+90 555 300 0078', 'aktif', NULL, NULL),
(79, 1079, '2024014019', 'Bilgisayar Muhendisligi', '4. Sinif', '+90 555 300 0079', 'aktif', NULL, NULL),
(80, 1080, '2024014020', 'Bilgisayar Muhendisligi', '4. Sinif', '+90 555 300 0080', 'aktif', NULL, NULL),
(81, 1081, '2024021001', 'Yazilim Muhendisligi', '1. Sinif', '+90 555 300 0081', 'aktif', NULL, NULL),
(82, 1082, '2024021002', 'Yazilim Muhendisligi', '1. Sinif', '+90 555 300 0082', 'aktif', NULL, NULL),
(83, 1083, '2024021003', 'Yazilim Muhendisligi', '1. Sinif', '+90 555 300 0083', 'aktif', NULL, NULL),
(84, 1084, '2024021004', 'Yazilim Muhendisligi', '1. Sinif', '+90 555 300 0084', 'aktif', NULL, NULL),
(85, 1085, '2024021005', 'Yazilim Muhendisligi', '1. Sinif', '+90 555 300 0085', 'aktif', NULL, NULL),
(86, 1086, '2024021006', 'Yazilim Muhendisligi', '1. Sinif', '+90 555 300 0086', 'aktif', NULL, NULL),
(87, 1087, '2024021007', 'Yazilim Muhendisligi', '1. Sinif', '+90 555 300 0087', 'aktif', NULL, NULL),
(88, 1088, '2024021008', 'Yazilim Muhendisligi', '1. Sinif', '+90 555 300 0088', 'aktif', NULL, NULL),
(89, 1089, '2024021009', 'Yazilim Muhendisligi', '1. Sinif', '+90 555 300 0089', 'aktif', NULL, NULL),
(90, 1090, '2024021010', 'Yazilim Muhendisligi', '1. Sinif', '+90 555 300 0090', 'aktif', NULL, NULL),
(91, 1091, '2024021011', 'Yazilim Muhendisligi', '1. Sinif', '+90 555 300 0091', 'aktif', NULL, NULL),
(92, 1092, '2024021012', 'Yazilim Muhendisligi', '1. Sinif', '+90 555 300 0092', 'aktif', NULL, NULL),
(93, 1093, '2024021013', 'Yazilim Muhendisligi', '1. Sinif', '+90 555 300 0093', 'aktif', NULL, NULL),
(94, 1094, '2024021014', 'Yazilim Muhendisligi', '1. Sinif', '+90 555 300 0094', 'aktif', NULL, NULL),
(95, 1095, '2024021015', 'Yazilim Muhendisligi', '1. Sinif', '+90 555 300 0095', 'aktif', NULL, NULL),
(96, 1096, '2024021016', 'Yazilim Muhendisligi', '1. Sinif', '+90 555 300 0096', 'aktif', NULL, NULL),
(97, 1097, '2024021017', 'Yazilim Muhendisligi', '1. Sinif', '+90 555 300 0097', 'aktif', NULL, NULL),
(98, 1098, '2024021018', 'Yazilim Muhendisligi', '1. Sinif', '+90 555 300 0098', 'aktif', NULL, NULL),
(99, 1099, '2024021019', 'Yazilim Muhendisligi', '1. Sinif', '+90 555 300 0099', 'aktif', NULL, NULL),
(100, 1100, '2024021020', 'Yazilim Muhendisligi', '1. Sinif', '+90 555 300 0100', 'aktif', NULL, NULL),
(101, 1101, '2024022001', 'Yazilim Muhendisligi', '2. Sinif', '+90 555 300 0101', 'aktif', NULL, NULL),
(102, 1102, '2024022002', 'Yazilim Muhendisligi', '2. Sinif', '+90 555 300 0102', 'aktif', NULL, NULL),
(103, 1103, '2024022003', 'Yazilim Muhendisligi', '2. Sinif', '+90 555 300 0103', 'aktif', NULL, NULL),
(104, 1104, '2024022004', 'Yazilim Muhendisligi', '2. Sinif', '+90 555 300 0104', 'aktif', NULL, NULL),
(105, 1105, '2024022005', 'Yazilim Muhendisligi', '2. Sinif', '+90 555 300 0105', 'aktif', NULL, NULL),
(106, 1106, '2024022006', 'Yazilim Muhendisligi', '2. Sinif', '+90 555 300 0106', 'aktif', NULL, NULL),
(107, 1107, '2024022007', 'Yazilim Muhendisligi', '2. Sinif', '+90 555 300 0107', 'aktif', NULL, NULL),
(108, 1108, '2024022008', 'Yazilim Muhendisligi', '2. Sinif', '+90 555 300 0108', 'aktif', NULL, NULL),
(109, 1109, '2024022009', 'Yazilim Muhendisligi', '2. Sinif', '+90 555 300 0109', 'aktif', NULL, NULL),
(110, 1110, '2024022010', 'Yazilim Muhendisligi', '2. Sinif', '+90 555 300 0110', 'aktif', NULL, NULL),
(111, 1111, '2024022011', 'Yazilim Muhendisligi', '2. Sinif', '+90 555 300 0111', 'aktif', NULL, NULL),
(112, 1112, '2024022012', 'Yazilim Muhendisligi', '2. Sinif', '+90 555 300 0112', 'aktif', NULL, NULL),
(113, 1113, '2024022013', 'Yazilim Muhendisligi', '2. Sinif', '+90 555 300 0113', 'aktif', NULL, NULL),
(114, 1114, '2024022014', 'Yazilim Muhendisligi', '2. Sinif', '+90 555 300 0114', 'aktif', NULL, NULL),
(115, 1115, '2024022015', 'Yazilim Muhendisligi', '2. Sinif', '+90 555 300 0115', 'aktif', NULL, NULL),
(116, 1116, '2024022016', 'Yazilim Muhendisligi', '2. Sinif', '+90 555 300 0116', 'aktif', NULL, NULL),
(117, 1117, '2024022017', 'Yazilim Muhendisligi', '2. Sinif', '+90 555 300 0117', 'aktif', NULL, NULL),
(118, 1118, '2024022018', 'Yazilim Muhendisligi', '2. Sinif', '+90 555 300 0118', 'aktif', NULL, NULL),
(119, 1119, '2024022019', 'Yazilim Muhendisligi', '2. Sinif', '+90 555 300 0119', 'aktif', NULL, NULL),
(120, 1120, '2024022020', 'Yazilim Muhendisligi', '2. Sinif', '+90 555 300 0120', 'aktif', NULL, NULL),
(121, 1121, '2024023001', 'Yazilim Muhendisligi', '3. Sinif', '+90 555 300 0121', 'aktif', NULL, NULL),
(122, 1122, '2024023002', 'Yazilim Muhendisligi', '3. Sinif', '+90 555 300 0122', 'aktif', NULL, NULL),
(123, 1123, '2024023003', 'Yazilim Muhendisligi', '3. Sinif', '+90 555 300 0123', 'aktif', NULL, NULL),
(124, 1124, '2024023004', 'Yazilim Muhendisligi', '3. Sinif', '+90 555 300 0124', 'aktif', NULL, NULL),
(125, 1125, '2024023005', 'Yazilim Muhendisligi', '3. Sinif', '+90 555 300 0125', 'aktif', NULL, NULL),
(126, 1126, '2024023006', 'Yazilim Muhendisligi', '3. Sinif', '+90 555 300 0126', 'aktif', NULL, NULL),
(127, 1127, '2024023007', 'Yazilim Muhendisligi', '3. Sinif', '+90 555 300 0127', 'aktif', NULL, NULL),
(128, 1128, '2024023008', 'Yazilim Muhendisligi', '3. Sinif', '+90 555 300 0128', 'aktif', NULL, NULL),
(129, 1129, '2024023009', 'Yazilim Muhendisligi', '3. Sinif', '+90 555 300 0129', 'aktif', NULL, NULL),
(130, 1130, '2024023010', 'Yazilim Muhendisligi', '3. Sinif', '+90 555 300 0130', 'aktif', NULL, NULL),
(131, 1131, '2024023011', 'Yazilim Muhendisligi', '3. Sinif', '+90 555 300 0131', 'aktif', NULL, NULL),
(132, 1132, '2024023012', 'Yazilim Muhendisligi', '3. Sinif', '+90 555 300 0132', 'aktif', NULL, NULL),
(133, 1133, '2024023013', 'Yazilim Muhendisligi', '3. Sinif', '+90 555 300 0133', 'aktif', NULL, NULL),
(134, 1134, '2024023014', 'Yazilim Muhendisligi', '3. Sinif', '+90 555 300 0134', 'aktif', NULL, NULL),
(135, 1135, '2024023015', 'Yazilim Muhendisligi', '3. Sinif', '+90 555 300 0135', 'aktif', NULL, NULL),
(136, 1136, '2024023016', 'Yazilim Muhendisligi', '3. Sinif', '+90 555 300 0136', 'aktif', NULL, NULL),
(137, 1137, '2024023017', 'Yazilim Muhendisligi', '3. Sinif', '+90 555 300 0137', 'aktif', NULL, NULL),
(138, 1138, '2024023018', 'Yazilim Muhendisligi', '3. Sinif', '+90 555 300 0138', 'aktif', NULL, NULL),
(139, 1139, '2024023019', 'Yazilim Muhendisligi', '3. Sinif', '+90 555 300 0139', 'aktif', NULL, NULL),
(140, 1140, '2024023020', 'Yazilim Muhendisligi', '3. Sinif', '+90 555 300 0140', 'aktif', NULL, NULL),
(141, 1141, '2024024001', 'Yazilim Muhendisligi', '4. Sinif', '+90 555 300 0141', 'aktif', NULL, NULL),
(142, 1142, '2024024002', 'Yazilim Muhendisligi', '4. Sinif', '+90 555 300 0142', 'aktif', NULL, NULL),
(143, 1143, '2024024003', 'Yazilim Muhendisligi', '4. Sinif', '+90 555 300 0143', 'aktif', NULL, NULL),
(144, 1144, '2024024004', 'Yazilim Muhendisligi', '4. Sinif', '+90 555 300 0144', 'aktif', NULL, NULL),
(145, 1145, '2024024005', 'Yazilim Muhendisligi', '4. Sinif', '+90 555 300 0145', 'aktif', NULL, NULL),
(146, 1146, '2024024006', 'Yazilim Muhendisligi', '4. Sinif', '+90 555 300 0146', 'aktif', NULL, NULL),
(147, 1147, '2024024007', 'Yazilim Muhendisligi', '4. Sinif', '+90 555 300 0147', 'aktif', NULL, NULL),
(148, 1148, '2024024008', 'Yazilim Muhendisligi', '4. Sinif', '+90 555 300 0148', 'aktif', NULL, NULL),
(149, 1149, '2024024009', 'Yazilim Muhendisligi', '4. Sinif', '+90 555 300 0149', 'aktif', NULL, NULL),
(150, 1150, '2024024010', 'Yazilim Muhendisligi', '4. Sinif', '+90 555 300 0150', 'aktif', NULL, NULL),
(151, 1151, '2024024011', 'Yazilim Muhendisligi', '4. Sinif', '+90 555 300 0151', 'aktif', NULL, NULL),
(152, 1152, '2024024012', 'Yazilim Muhendisligi', '4. Sinif', '+90 555 300 0152', 'aktif', NULL, NULL),
(153, 1153, '2024024013', 'Yazilim Muhendisligi', '4. Sinif', '+90 555 300 0153', 'aktif', NULL, NULL),
(154, 1154, '2024024014', 'Yazilim Muhendisligi', '4. Sinif', '+90 555 300 0154', 'aktif', NULL, NULL),
(155, 1155, '2024024015', 'Yazilim Muhendisligi', '4. Sinif', '+90 555 300 0155', 'aktif', NULL, NULL),
(156, 1156, '2024024016', 'Yazilim Muhendisligi', '4. Sinif', '+90 555 300 0156', 'aktif', NULL, NULL),
(157, 1157, '2024024017', 'Yazilim Muhendisligi', '4. Sinif', '+90 555 300 0157', 'aktif', NULL, NULL),
(158, 1158, '2024024018', 'Yazilim Muhendisligi', '4. Sinif', '+90 555 300 0158', 'aktif', NULL, NULL),
(159, 1159, '2024024019', 'Yazilim Muhendisligi', '4. Sinif', '+90 555 300 0159', 'aktif', NULL, NULL),
(160, 1160, '2024024020', 'Yazilim Muhendisligi', '4. Sinif', '+90 555 300 0160', 'aktif', NULL, NULL),
(161, 1161, '2024031001', 'Endustri Muhendisligi', '1. Sinif', '+90 555 300 0161', 'aktif', NULL, NULL),
(162, 1162, '2024031002', 'Endustri Muhendisligi', '1. Sinif', '+90 555 300 0162', 'aktif', NULL, NULL),
(163, 1163, '2024031003', 'Endustri Muhendisligi', '1. Sinif', '+90 555 300 0163', 'aktif', NULL, NULL),
(164, 1164, '2024031004', 'Endustri Muhendisligi', '1. Sinif', '+90 555 300 0164', 'aktif', NULL, NULL),
(165, 1165, '2024031005', 'Endustri Muhendisligi', '1. Sinif', '+90 555 300 0165', 'aktif', NULL, NULL),
(166, 1166, '2024031006', 'Endustri Muhendisligi', '1. Sinif', '+90 555 300 0166', 'aktif', NULL, NULL),
(167, 1167, '2024031007', 'Endustri Muhendisligi', '1. Sinif', '+90 555 300 0167', 'aktif', NULL, NULL),
(168, 1168, '2024031008', 'Endustri Muhendisligi', '1. Sinif', '+90 555 300 0168', 'aktif', NULL, NULL),
(169, 1169, '2024031009', 'Endustri Muhendisligi', '1. Sinif', '+90 555 300 0169', 'aktif', NULL, NULL),
(170, 1170, '2024031010', 'Endustri Muhendisligi', '1. Sinif', '+90 555 300 0170', 'aktif', NULL, NULL),
(171, 1171, '2024031011', 'Endustri Muhendisligi', '1. Sinif', '+90 555 300 0171', 'aktif', NULL, NULL),
(172, 1172, '2024031012', 'Endustri Muhendisligi', '1. Sinif', '+90 555 300 0172', 'aktif', NULL, NULL),
(173, 1173, '2024031013', 'Endustri Muhendisligi', '1. Sinif', '+90 555 300 0173', 'aktif', NULL, NULL),
(174, 1174, '2024031014', 'Endustri Muhendisligi', '1. Sinif', '+90 555 300 0174', 'aktif', NULL, NULL),
(175, 1175, '2024031015', 'Endustri Muhendisligi', '1. Sinif', '+90 555 300 0175', 'aktif', NULL, NULL),
(176, 1176, '2024031016', 'Endustri Muhendisligi', '1. Sinif', '+90 555 300 0176', 'aktif', NULL, NULL),
(177, 1177, '2024031017', 'Endustri Muhendisligi', '1. Sinif', '+90 555 300 0177', 'aktif', NULL, NULL),
(178, 1178, '2024031018', 'Endustri Muhendisligi', '1. Sinif', '+90 555 300 0178', 'aktif', NULL, NULL),
(179, 1179, '2024031019', 'Endustri Muhendisligi', '1. Sinif', '+90 555 300 0179', 'aktif', NULL, NULL),
(180, 1180, '2024031020', 'Endustri Muhendisligi', '1. Sinif', '+90 555 300 0180', 'aktif', NULL, NULL),
(181, 1181, '2024032001', 'Endustri Muhendisligi', '2. Sinif', '+90 555 300 0181', 'aktif', NULL, NULL),
(182, 1182, '2024032002', 'Endustri Muhendisligi', '2. Sinif', '+90 555 300 0182', 'aktif', NULL, NULL),
(183, 1183, '2024032003', 'Endustri Muhendisligi', '2. Sinif', '+90 555 300 0183', 'aktif', NULL, NULL),
(184, 1184, '2024032004', 'Endustri Muhendisligi', '2. Sinif', '+90 555 300 0184', 'aktif', NULL, NULL),
(185, 1185, '2024032005', 'Endustri Muhendisligi', '2. Sinif', '+90 555 300 0185', 'aktif', NULL, NULL),
(186, 1186, '2024032006', 'Endustri Muhendisligi', '2. Sinif', '+90 555 300 0186', 'aktif', NULL, NULL),
(187, 1187, '2024032007', 'Endustri Muhendisligi', '2. Sinif', '+90 555 300 0187', 'aktif', NULL, NULL),
(188, 1188, '2024032008', 'Endustri Muhendisligi', '2. Sinif', '+90 555 300 0188', 'aktif', NULL, NULL),
(189, 1189, '2024032009', 'Endustri Muhendisligi', '2. Sinif', '+90 555 300 0189', 'aktif', NULL, NULL),
(190, 1190, '2024032010', 'Endustri Muhendisligi', '2. Sinif', '+90 555 300 0190', 'aktif', NULL, NULL),
(191, 1191, '2024032011', 'Endustri Muhendisligi', '2. Sinif', '+90 555 300 0191', 'aktif', NULL, NULL),
(192, 1192, '2024032012', 'Endustri Muhendisligi', '2. Sinif', '+90 555 300 0192', 'aktif', NULL, NULL),
(193, 1193, '2024032013', 'Endustri Muhendisligi', '2. Sinif', '+90 555 300 0193', 'aktif', NULL, NULL),
(194, 1194, '2024032014', 'Endustri Muhendisligi', '2. Sinif', '+90 555 300 0194', 'aktif', NULL, NULL),
(195, 1195, '2024032015', 'Endustri Muhendisligi', '2. Sinif', '+90 555 300 0195', 'aktif', NULL, NULL),
(196, 1196, '2024032016', 'Endustri Muhendisligi', '2. Sinif', '+90 555 300 0196', 'aktif', NULL, NULL),
(197, 1197, '2024032017', 'Endustri Muhendisligi', '2. Sinif', '+90 555 300 0197', 'aktif', NULL, NULL),
(198, 1198, '2024032018', 'Endustri Muhendisligi', '2. Sinif', '+90 555 300 0198', 'aktif', NULL, NULL),
(199, 1199, '2024032019', 'Endustri Muhendisligi', '2. Sinif', '+90 555 300 0199', 'aktif', NULL, NULL),
(200, 1200, '2024032020', 'Endustri Muhendisligi', '2. Sinif', '+90 555 300 0200', 'aktif', NULL, NULL),
(201, 1201, '2024033001', 'Endustri Muhendisligi', '3. Sinif', '+90 555 300 0201', 'aktif', NULL, NULL),
(202, 1202, '2024033002', 'Endustri Muhendisligi', '3. Sinif', '+90 555 300 0202', 'aktif', NULL, NULL),
(203, 1203, '2024033003', 'Endustri Muhendisligi', '3. Sinif', '+90 555 300 0203', 'aktif', NULL, NULL),
(204, 1204, '2024033004', 'Endustri Muhendisligi', '3. Sinif', '+90 555 300 0204', 'aktif', NULL, NULL),
(205, 1205, '2024033005', 'Endustri Muhendisligi', '3. Sinif', '+90 555 300 0205', 'aktif', NULL, NULL),
(206, 1206, '2024033006', 'Endustri Muhendisligi', '3. Sinif', '+90 555 300 0206', 'aktif', NULL, NULL),
(207, 1207, '2024033007', 'Endustri Muhendisligi', '3. Sinif', '+90 555 300 0207', 'aktif', NULL, NULL),
(208, 1208, '2024033008', 'Endustri Muhendisligi', '3. Sinif', '+90 555 300 0208', 'aktif', NULL, NULL),
(209, 1209, '2024033009', 'Endustri Muhendisligi', '3. Sinif', '+90 555 300 0209', 'aktif', NULL, NULL),
(210, 1210, '2024033010', 'Endustri Muhendisligi', '3. Sinif', '+90 555 300 0210', 'aktif', NULL, NULL),
(211, 1211, '2024033011', 'Endustri Muhendisligi', '3. Sinif', '+90 555 300 0211', 'aktif', NULL, NULL),
(212, 1212, '2024033012', 'Endustri Muhendisligi', '3. Sinif', '+90 555 300 0212', 'aktif', NULL, NULL),
(213, 1213, '2024033013', 'Endustri Muhendisligi', '3. Sinif', '+90 555 300 0213', 'aktif', NULL, NULL),
(214, 1214, '2024033014', 'Endustri Muhendisligi', '3. Sinif', '+90 555 300 0214', 'aktif', NULL, NULL),
(215, 1215, '2024033015', 'Endustri Muhendisligi', '3. Sinif', '+90 555 300 0215', 'aktif', NULL, NULL),
(216, 1216, '2024033016', 'Endustri Muhendisligi', '3. Sinif', '+90 555 300 0216', 'aktif', NULL, NULL),
(217, 1217, '2024033017', 'Endustri Muhendisligi', '3. Sinif', '+90 555 300 0217', 'aktif', NULL, NULL),
(218, 1218, '2024033018', 'Endustri Muhendisligi', '3. Sinif', '+90 555 300 0218', 'aktif', NULL, NULL),
(219, 1219, '2024033019', 'Endustri Muhendisligi', '3. Sinif', '+90 555 300 0219', 'aktif', NULL, NULL),
(220, 1220, '2024033020', 'Endustri Muhendisligi', '3. Sinif', '+90 555 300 0220', 'aktif', NULL, NULL),
(221, 1221, '2024034001', 'Endustri Muhendisligi', '4. Sinif', '+90 555 300 0221', 'aktif', NULL, NULL),
(222, 1222, '2024034002', 'Endustri Muhendisligi', '4. Sinif', '+90 555 300 0222', 'aktif', NULL, NULL),
(223, 1223, '2024034003', 'Endustri Muhendisligi', '4. Sinif', '+90 555 300 0223', 'aktif', NULL, NULL),
(224, 1224, '2024034004', 'Endustri Muhendisligi', '4. Sinif', '+90 555 300 0224', 'aktif', NULL, NULL),
(225, 1225, '2024034005', 'Endustri Muhendisligi', '4. Sinif', '+90 555 300 0225', 'aktif', NULL, NULL),
(226, 1226, '2024034006', 'Endustri Muhendisligi', '4. Sinif', '+90 555 300 0226', 'aktif', NULL, NULL),
(227, 1227, '2024034007', 'Endustri Muhendisligi', '4. Sinif', '+90 555 300 0227', 'aktif', NULL, NULL),
(228, 1228, '2024034008', 'Endustri Muhendisligi', '4. Sinif', '+90 555 300 0228', 'aktif', NULL, NULL),
(229, 1229, '2024034009', 'Endustri Muhendisligi', '4. Sinif', '+90 555 300 0229', 'aktif', NULL, NULL),
(230, 1230, '2024034010', 'Endustri Muhendisligi', '4. Sinif', '+90 555 300 0230', 'aktif', NULL, NULL),
(231, 1231, '2024034011', 'Endustri Muhendisligi', '4. Sinif', '+90 555 300 0231', 'aktif', NULL, NULL),
(232, 1232, '2024034012', 'Endustri Muhendisligi', '4. Sinif', '+90 555 300 0232', 'aktif', NULL, NULL),
(233, 1233, '2024034013', 'Endustri Muhendisligi', '4. Sinif', '+90 555 300 0233', 'aktif', NULL, NULL),
(234, 1234, '2024034014', 'Endustri Muhendisligi', '4. Sinif', '+90 555 300 0234', 'aktif', NULL, NULL),
(235, 1235, '2024034015', 'Endustri Muhendisligi', '4. Sinif', '+90 555 300 0235', 'aktif', NULL, NULL),
(236, 1236, '2024034016', 'Endustri Muhendisligi', '4. Sinif', '+90 555 300 0236', 'aktif', NULL, NULL),
(237, 1237, '2024034017', 'Endustri Muhendisligi', '4. Sinif', '+90 555 300 0237', 'aktif', NULL, NULL),
(238, 1238, '2024034018', 'Endustri Muhendisligi', '4. Sinif', '+90 555 300 0238', 'aktif', NULL, NULL),
(239, 1239, '2024034019', 'Endustri Muhendisligi', '4. Sinif', '+90 555 300 0239', 'aktif', NULL, NULL),
(240, 1240, '2024034020', 'Endustri Muhendisligi', '4. Sinif', '+90 555 300 0240', 'aktif', NULL, NULL);

INSERT INTO classrooms (id, name, building, floor, capacity, status)
VALUES
(1, 'A-101', 'Muhendislik', '1', 40, 'aktif'),
(2, 'A-201', 'Muhendislik', '2', 40, 'aktif'),
(3, 'A-301', 'Muhendislik', '3', 40, 'aktif'),
(4, 'B-101', 'Muhendislik', '1', 40, 'aktif'),
(5, 'B-201', 'Muhendislik', '2', 40, 'aktif'),
(6, 'C-101', 'Muhendislik', '1', 40, 'aktif');

INSERT INTO courses (id, code, name, teacher_id, classroom, semester, status, absence_limit)
VALUES
(1, 'BM101', 'Programming I', 1, 'A-101', 'Guz 2024', 'aktif', 3),
(2, 'BM201', 'Data Structures', 2, 'A-201', 'Guz 2024', 'aktif', 3),
(3, 'BM301', 'Databases', 3, 'A-301', 'Guz 2024', 'aktif', 3),
(4, 'BM401', 'Software Engineering', 4, 'B-101', 'Guz 2024', 'aktif', 3),
(5, 'YM101', 'Programming Fundamentals', 5, 'B-201', 'Guz 2024', 'aktif', 3),
(6, 'YM201', 'Web Development', 6, 'C-101', 'Guz 2024', 'aktif', 3),
(7, 'YM301', 'Software Testing', 7, 'A-101', 'Guz 2024', 'aktif', 3),
(8, 'YM401', 'Mobile Development', 8, 'A-201', 'Guz 2024', 'aktif', 3),
(9, 'EM101', 'Industrial Engineering Basics', 9, 'A-301', 'Guz 2024', 'aktif', 3),
(10, 'EM201', 'Operations Research', 10, 'B-101', 'Guz 2024', 'aktif', 3),
(11, 'EM301', 'Production Planning', 1, 'B-201', 'Guz 2024', 'aktif', 3),
(12, 'EM401', 'Quality Management', 2, 'C-101', 'Guz 2024', 'aktif', 3);

INSERT INTO course_enrollments (id, course_id, student_id)
VALUES
(1, 1, 1),
(2, 1, 2),
(3, 1, 3),
(4, 1, 4),
(5, 1, 5),
(6, 1, 6),
(7, 1, 7),
(8, 1, 8),
(9, 1, 9),
(10, 1, 10),
(11, 1, 11),
(12, 1, 12),
(13, 1, 13),
(14, 1, 14),
(15, 1, 15),
(16, 1, 16),
(17, 1, 17),
(18, 1, 18),
(19, 1, 19),
(20, 1, 20),
(21, 2, 21),
(22, 2, 22),
(23, 2, 23),
(24, 2, 24),
(25, 2, 25),
(26, 2, 26),
(27, 2, 27),
(28, 2, 28),
(29, 2, 29),
(30, 2, 30),
(31, 2, 31),
(32, 2, 32),
(33, 2, 33),
(34, 2, 34),
(35, 2, 35),
(36, 2, 36),
(37, 2, 37),
(38, 2, 38),
(39, 2, 39),
(40, 2, 40),
(41, 3, 41),
(42, 3, 42),
(43, 3, 43),
(44, 3, 44),
(45, 3, 45),
(46, 3, 46),
(47, 3, 47),
(48, 3, 48),
(49, 3, 49),
(50, 3, 50),
(51, 3, 51),
(52, 3, 52),
(53, 3, 53),
(54, 3, 54),
(55, 3, 55),
(56, 3, 56),
(57, 3, 57),
(58, 3, 58),
(59, 3, 59),
(60, 3, 60),
(61, 4, 61),
(62, 4, 62),
(63, 4, 63),
(64, 4, 64),
(65, 4, 65),
(66, 4, 66),
(67, 4, 67),
(68, 4, 68),
(69, 4, 69),
(70, 4, 70),
(71, 4, 71),
(72, 4, 72),
(73, 4, 73),
(74, 4, 74),
(75, 4, 75),
(76, 4, 76),
(77, 4, 77),
(78, 4, 78),
(79, 4, 79),
(80, 4, 80),
(81, 5, 81),
(82, 5, 82),
(83, 5, 83),
(84, 5, 84),
(85, 5, 85),
(86, 5, 86),
(87, 5, 87),
(88, 5, 88),
(89, 5, 89),
(90, 5, 90),
(91, 5, 91),
(92, 5, 92),
(93, 5, 93),
(94, 5, 94),
(95, 5, 95),
(96, 5, 96),
(97, 5, 97),
(98, 5, 98),
(99, 5, 99),
(100, 5, 100),
(101, 6, 101),
(102, 6, 102),
(103, 6, 103),
(104, 6, 104),
(105, 6, 105),
(106, 6, 106),
(107, 6, 107),
(108, 6, 108),
(109, 6, 109),
(110, 6, 110),
(111, 6, 111),
(112, 6, 112),
(113, 6, 113),
(114, 6, 114),
(115, 6, 115),
(116, 6, 116),
(117, 6, 117),
(118, 6, 118),
(119, 6, 119),
(120, 6, 120),
(121, 7, 121),
(122, 7, 122),
(123, 7, 123),
(124, 7, 124),
(125, 7, 125),
(126, 7, 126),
(127, 7, 127),
(128, 7, 128),
(129, 7, 129),
(130, 7, 130),
(131, 7, 131),
(132, 7, 132),
(133, 7, 133),
(134, 7, 134),
(135, 7, 135),
(136, 7, 136),
(137, 7, 137),
(138, 7, 138),
(139, 7, 139),
(140, 7, 140),
(141, 8, 141),
(142, 8, 142),
(143, 8, 143),
(144, 8, 144),
(145, 8, 145),
(146, 8, 146),
(147, 8, 147),
(148, 8, 148),
(149, 8, 149),
(150, 8, 150),
(151, 8, 151),
(152, 8, 152),
(153, 8, 153),
(154, 8, 154),
(155, 8, 155),
(156, 8, 156),
(157, 8, 157),
(158, 8, 158),
(159, 8, 159),
(160, 8, 160),
(161, 9, 161),
(162, 9, 162),
(163, 9, 163),
(164, 9, 164),
(165, 9, 165),
(166, 9, 166),
(167, 9, 167),
(168, 9, 168),
(169, 9, 169),
(170, 9, 170),
(171, 9, 171),
(172, 9, 172),
(173, 9, 173),
(174, 9, 174),
(175, 9, 175),
(176, 9, 176),
(177, 9, 177),
(178, 9, 178),
(179, 9, 179),
(180, 9, 180),
(181, 10, 181),
(182, 10, 182),
(183, 10, 183),
(184, 10, 184),
(185, 10, 185),
(186, 10, 186),
(187, 10, 187),
(188, 10, 188),
(189, 10, 189),
(190, 10, 190),
(191, 10, 191),
(192, 10, 192),
(193, 10, 193),
(194, 10, 194),
(195, 10, 195),
(196, 10, 196),
(197, 10, 197),
(198, 10, 198),
(199, 10, 199),
(200, 10, 200),
(201, 11, 201),
(202, 11, 202),
(203, 11, 203),
(204, 11, 204),
(205, 11, 205),
(206, 11, 206),
(207, 11, 207),
(208, 11, 208),
(209, 11, 209),
(210, 11, 210),
(211, 11, 211),
(212, 11, 212),
(213, 11, 213),
(214, 11, 214),
(215, 11, 215),
(216, 11, 216),
(217, 11, 217),
(218, 11, 218),
(219, 11, 219),
(220, 11, 220),
(221, 12, 221),
(222, 12, 222),
(223, 12, 223),
(224, 12, 224),
(225, 12, 225),
(226, 12, 226),
(227, 12, 227),
(228, 12, 228),
(229, 12, 229),
(230, 12, 230),
(231, 12, 231),
(232, 12, 232),
(233, 12, 233),
(234, 12, 234),
(235, 12, 235),
(236, 12, 236),
(237, 12, 237),
(238, 12, 238),
(239, 12, 239),
(240, 12, 240);

INSERT INTO attendance_sessions (id, course_id, device_id, teacher_id, session_date, start_time, end_time, duration, status)
VALUES
(1, 1, NULL, 1, CURDATE(), '09:00:00', '09:50:00', 50, 'aktif'),
(2, 2, NULL, 2, DATE_SUB(CURDATE(), INTERVAL 1 DAY), '11:00:00', '11:50:00', 50, 'tamamlandi'),
(3, 3, NULL, 3, DATE_SUB(CURDATE(), INTERVAL 2 DAY), '13:00:00', '13:50:00', 50, 'tamamlandi');

INSERT INTO attendance_records (id, session_id, student_id, status)
VALUES
(1, 2, 21, 'present'),
(2, 2, 22, 'present'),
(3, 2, 23, 'present'),
(4, 2, 24, 'present'),
(5, 2, 25, 'present'),
(6, 2, 26, 'present'),
(7, 2, 27, 'present'),
(8, 2, 28, 'present'),
(9, 2, 29, 'present'),
(10, 2, 30, 'present'),
(11, 2, 31, 'present'),
(12, 2, 32, 'present'),
(13, 2, 33, 'present'),
(14, 2, 34, 'present'),
(15, 2, 35, 'present'),
(16, 3, 41, 'present'),
(17, 3, 42, 'present'),
(18, 3, 43, 'present'),
(19, 3, 44, 'present'),
(20, 3, 45, 'present'),
(21, 3, 46, 'present'),
(22, 3, 47, 'present'),
(23, 3, 48, 'present'),
(24, 3, 49, 'present'),
(25, 3, 50, 'present'),
(26, 3, 51, 'present'),
(27, 3, 52, 'present'),
(28, 3, 53, 'present'),
(29, 3, 54, 'present');

INSERT INTO devices (id, name, device_type, classroom, device_uid, ip_address, status, last_seen, classroom_id)
VALUES
(1, 'Room A-101 Tablet', 'Tablet', 'A-101', 'DEV-001', '192.168.1.101', 'aktif', NOW(), 1),
(2, 'Room A-201 Tablet', 'Tablet', 'A-201', 'DEV-002', '192.168.1.102', 'aktif', NOW(), 2),
(3, 'Room A-301 Tablet', 'Tablet', 'A-301', 'DEV-003', '192.168.1.103', 'aktif', NOW(), 3),
(4, 'Room B-101 Tablet', 'Tablet', 'B-101', 'DEV-004', '192.168.1.104', 'pasif', NOW(), 4),
(5, 'Room B-201 Tablet', 'Tablet', 'B-201', 'DEV-005', '192.168.1.105', 'aktif', NOW(), 5),
(6, 'Room C-101 Tablet', 'Tablet', 'C-101', 'DEV-006', '192.168.1.106', 'aktif', NOW(), 6);

